source_id,dt,costs,cost_month
1,2017-06-01,75.2,2017-06
1,2017-06-02,62.25,2017-06
1,2017-06-03,36.53,2017-06
1,2017-06-04,55.0,2017-06
1,2017-06-05,57.08,2017-06
1,2017-06-06,40.39,2017-06
1,2017-06-07,40.59,2017-06
1,2017-06-08,56.63,2017-06
1,2017-06-09,40.16,2017-06
1,2017-06-10,43.24,2017-06
1,2017-06-11,21.68,2017-06
1,2017-06-12,27.48,2017-06
1,2017-06-13,44.66,2017-06
1,2017-06-14,30.7,2017-06
1,2017-06-15,39.71,2017-06
1,2017-06-16,39.1,2017-06
1,2017-06-17,21.41,2017-06
1,2017-06-18,50.04,2017-06
1,2017-06-19,25.08,2017-06
1,2017-06-20,25.37,2017-06
1,2017-06-21,22.6,2017-06
1,2017-06-22,21.68,2017-06
1,2017-06-23,28.6,2017-06
1,2017-06-24,10.72,2017-06
1,2017-06-25,22.03,2017-06
1,2017-06-26,31.91,2017-06
1,2017-06-27,47.73,2017-06
1,2017-06-28,38.48,2017-06
1,2017-06-29,32.58,2017-06
1,2017-06-30,36.98,2017-06
1,2017-07-01,5.8,2017-07
1,2017-07-02,27.99,2017-07
1,2017-07-03,21.56,2017-07
1,2017-07-04,37.63,2017-07
1,2017-07-05,22.11,2017-07
1,2017-07-06,23.32,2017-07
1,2017-07-07,47.25,2017-07
1,2017-07-08,32.26,2017-07
1,2017-07-09,54.94,2017-07
1,2017-07-10,30.69,2017-07
1,2017-07-11,24.08,2017-07
1,2017-07-12,53.53,2017-07
1,2017-07-13,34.52,2017-07
1,2017-07-14,63.52,2017-07
1,2017-07-15,52.47,2017-07
1,2017-07-16,34.02,2017-07
1,2017-07-17,90.87,2017-07
1,2017-07-18,54.31,2017-07
1,2017-07-19,46.85,2017-07
1,2017-07-20,28.46,2017-07
1,2017-07-21,36.25,2017-07
1,2017-07-22,20.98,2017-07
1,2017-07-23,28.1,2017-07
1,2017-07-24,48.58,2017-07
1,2017-07-25,13.31,2017-07
1,2017-07-26,27.38,2017-07
1,2017-07-27,9.92,2017-07
1,2017-07-28,23.5,2017-07
1,2017-07-29,12.6,2017-07
1,2017-07-30,34.96,2017-07
1,2017-07-31,31.12,2017-07
1,2017-08-01,44.65,2017-08
1,2017-08-02,25.47,2017-08
1,2017-08-03,19.96,2017-08
1,2017-08-04,23.08,2017-08
1,2017-08-05,26.49,2017-08
1,2017-08-06,13.21,2017-08
1,2017-08-07,27.78,2017-08
1,2017-08-08,33.71,2017-08
1,2017-08-09,19.67,2017-08
1,2017-08-10,32.73,2017-08
1,2017-08-11,29.93,2017-08
1,2017-08-12,16.04,2017-08
1,2017-08-13,17.01,2017-08
1,2017-08-14,45.75,2017-08
1,2017-08-15,34.63,2017-08
1,2017-08-16,22.07,2017-08
1,2017-08-17,50.77,2017-08
1,2017-08-18,31.57,2017-08
1,2017-08-19,23.2,2017-08
1,2017-08-20,37.04,2017-08
1,2017-08-21,25.09,2017-08
1,2017-08-22,32.48,2017-08
1,2017-08-23,22.42,2017-08
1,2017-08-24,33.88,2017-08
1,2017-08-25,26.18,2017-08
1,2017-08-26,30.38,2017-08
1,2017-08-27,46.25,2017-08
1,2017-08-28,50.07,2017-08
1,2017-08-29,28.25,2017-08
1,2017-08-30,43.79,2017-08
1,2017-08-31,38.26,2017-08
1,2017-09-01,40.28,2017-09
1,2017-09-02,26.16,2017-09
1,2017-09-03,24.95,2017-09
1,2017-09-04,36.48,2017-09
1,2017-09-05,48.53,2017-09
1,2017-09-06,61.1,2017-09
1,2017-09-07,29.06,2017-09
1,2017-09-08,53.66,2017-09
1,2017-09-09,41.98,2017-09
1,2017-09-10,22.83,2017-09
1,2017-09-11,48.02,2017-09
1,2017-09-12,31.75,2017-09
1,2017-09-13,49.61,2017-09
1,2017-09-14,54.86,2017-09
1,2017-09-15,49.8,2017-09
1,2017-09-16,30.24,2017-09
1,2017-09-17,45.97,2017-09
1,2017-09-18,61.06,2017-09
1,2017-09-19,45.41,2017-09
1,2017-09-20,75.74,2017-09
1,2017-09-21,55.05,2017-09
1,2017-09-22,58.6,2017-09
1,2017-09-23,18.34,2017-09
1,2017-09-24,31.84,2017-09
1,2017-09-25,86.61,2017-09
1,2017-09-26,68.59,2017-09
1,2017-09-27,86.83,2017-09
1,2017-09-28,75.52,2017-09
1,2017-09-29,84.04,2017-09
1,2017-09-30,59.1,2017-09
1,2017-10-01,57.14,2017-10
1,2017-10-02,86.51,2017-10
1,2017-10-03,78.73,2017-10
1,2017-10-04,90.78,2017-10
1,2017-10-05,85.21,2017-10
1,2017-10-06,76.57,2017-10
1,2017-10-07,72.02,2017-10
1,2017-10-08,42.54,2017-10
1,2017-10-09,89.25,2017-10
1,2017-10-10,56.04,2017-10
1,2017-10-11,63.58,2017-10
1,2017-10-12,106.59,2017-10
1,2017-10-13,78.87,2017-10
1,2017-10-14,55.8,2017-10
1,2017-10-15,49.88,2017-10
1,2017-10-16,64.75,2017-10
1,2017-10-17,46.35,2017-10
1,2017-10-18,66.2,2017-10
1,2017-10-19,67.95,2017-10
1,2017-10-20,125.68,2017-10
1,2017-10-21,65.58,2017-10
1,2017-10-22,60.25,2017-10
1,2017-10-23,70.44,2017-10
1,2017-10-24,124.55,2017-10
1,2017-10-25,61.38,2017-10
1,2017-10-26,106.66,2017-10
1,2017-10-27,62.53,2017-10
1,2017-10-28,55.19,2017-10
1,2017-10-29,78.69,2017-10
1,2017-10-30,97.1,2017-10
1,2017-10-31,72.94,2017-10
1,2017-11-01,69.03,2017-11
1,2017-11-02,98.15,2017-11
1,2017-11-03,77.4,2017-11
1,2017-11-04,48.34,2017-11
1,2017-11-05,60.5,2017-11
1,2017-11-06,65.54,2017-11
1,2017-11-07,78.5,2017-11
1,2017-11-08,74.46,2017-11
1,2017-11-09,63.55,2017-11
1,2017-11-10,65.79,2017-11
1,2017-11-11,77.93,2017-11
1,2017-11-12,73.18,2017-11
1,2017-11-13,115.58,2017-11
1,2017-11-14,61.88,2017-11
1,2017-11-15,64.81,2017-11
1,2017-11-16,97.95,2017-11
1,2017-11-17,97.08,2017-11
1,2017-11-18,89.38,2017-11
1,2017-11-19,40.22,2017-11
1,2017-11-20,77.1,2017-11
1,2017-11-21,49.84,2017-11
1,2017-11-22,72.41,2017-11
1,2017-11-23,112.96,2017-11
1,2017-11-24,245.75,2017-11
1,2017-11-25,116.21,2017-11
1,2017-11-26,46.36,2017-11
1,2017-11-27,75.91,2017-11
1,2017-11-28,84.19,2017-11
1,2017-11-29,79.11,2017-11
1,2017-11-30,66.05,2017-11
1,2017-12-01,55.1,2017-12
1,2017-12-02,63.1,2017-12
1,2017-12-03,69.72,2017-12
1,2017-12-04,75.08,2017-12
1,2017-12-05,123.17,2017-12
1,2017-12-06,95.2,2017-12
1,2017-12-07,57.39,2017-12
1,2017-12-08,86.1,2017-12
1,2017-12-09,41.62,2017-12
1,2017-12-10,94.17,2017-12
1,2017-12-11,102.23,2017-12
1,2017-12-12,78.76,2017-12
1,2017-12-13,72.29,2017-12
1,2017-12-14,63.48,2017-12
1,2017-12-15,89.68,2017-12
1,2017-12-16,115.35,2017-12
1,2017-12-17,59.59,2017-12
1,2017-12-18,87.79,2017-12
1,2017-12-19,91.65,2017-12
1,2017-12-20,67.61,2017-12
1,2017-12-21,99.91,2017-12
1,2017-12-22,90.16,2017-12
1,2017-12-23,55.53,2017-12
1,2017-12-24,40.65,2017-12
1,2017-12-25,88.39,2017-12
1,2017-12-26,102.8,2017-12
1,2017-12-27,59.0,2017-12
1,2017-12-28,40.7,2017-12
1,2017-12-29,78.58,2017-12
1,2017-12-30,56.74,2017-12
1,2017-12-31,39.66,2017-12
1,2018-01-01,82.86,2018-01
1,2018-01-02,70.96,2018-01
1,2018-01-03,88.77,2018-01
1,2018-01-04,83.95,2018-01
1,2018-01-05,77.45,2018-01
1,2018-01-06,47.29,2018-01
1,2018-01-07,63.5,2018-01
1,2018-01-08,30.97,2018-01
1,2018-01-09,54.71,2018-01
1,2018-01-10,81.81,2018-01
1,2018-01-11,79.24,2018-01
1,2018-01-12,54.48,2018-01
1,2018-01-13,36.75,2018-01
1,2018-01-14,53.25,2018-01
1,2018-01-15,96.79,2018-01
1,2018-01-16,82.05,2018-01
1,2018-01-17,52.93,2018-01
1,2018-01-18,31.47,2018-01
1,2018-01-19,89.01,2018-01
1,2018-01-20,50.77,2018-01
1,2018-01-21,59.89,2018-01
1,2018-01-22,87.81,2018-01
1,2018-01-23,70.27,2018-01
1,2018-01-24,83.17,2018-01
1,2018-01-25,61.46,2018-01
1,2018-01-26,68.03,2018-01
1,2018-01-27,71.26,2018-01
1,2018-01-28,61.7,2018-01
1,2018-01-29,98.53,2018-01
1,2018-01-30,117.35,2018-01
1,2018-01-31,97.7,2018-01
1,2018-02-01,104.67,2018-02
1,2018-02-02,78.98,2018-02
1,2018-02-03,51.0,2018-02
1,2018-02-04,49.93,2018-02
1,2018-02-05,80.3,2018-02
1,2018-02-06,54.15,2018-02
1,2018-02-07,87.95,2018-02
1,2018-02-08,49.97,2018-02
1,2018-02-09,90.23,2018-02
1,2018-02-10,66.7,2018-02
1,2018-02-11,88.5,2018-02
1,2018-02-12,91.64,2018-02
1,2018-02-13,112.28,2018-02
1,2018-02-14,103.04,2018-02
1,2018-02-15,129.46,2018-02
1,2018-02-16,57.28,2018-02
1,2018-02-17,50.57,2018-02
1,2018-02-18,60.41,2018-02
1,2018-02-19,93.1,2018-02
1,2018-02-20,81.51,2018-02
1,2018-02-21,77.12,2018-02
1,2018-02-22,99.56,2018-02
1,2018-02-23,76.71,2018-02
1,2018-02-24,74.39,2018-02
1,2018-02-25,72.7,2018-02
1,2018-02-26,77.29,2018-02
1,2018-02-27,89.24,2018-02
1,2018-02-28,55.8,2018-02
1,2018-03-01,68.14,2018-03
1,2018-03-02,76.1,2018-03
1,2018-03-03,39.55,2018-03
1,2018-03-04,48.04,2018-03
1,2018-03-05,80.71,2018-03
1,2018-03-06,76.26,2018-03
1,2018-03-07,55.27,2018-03
1,2018-03-08,56.41,2018-03
1,2018-03-09,62.35,2018-03
1,2018-03-10,48.78,2018-03
1,2018-03-11,49.35,2018-03
1,2018-03-12,64.66,2018-03
1,2018-03-13,97.46,2018-03
1,2018-03-14,70.02,2018-03
1,2018-03-15,56.05,2018-03
1,2018-03-16,50.22,2018-03
1,2018-03-17,18.37,2018-03
1,2018-03-18,50.77,2018-03
1,2018-03-19,57.07,2018-03
1,2018-03-20,69.43,2018-03
1,2018-03-21,80.4,2018-03
1,2018-03-22,102.05,2018-03
1,2018-03-23,59.97,2018-03
1,2018-03-24,78.98,2018-03
1,2018-03-25,87.7,2018-03
1,2018-03-26,69.98,2018-03
1,2018-03-27,108.24,2018-03
1,2018-03-28,63.78,2018-03
1,2018-03-29,40.0,2018-03
1,2018-03-30,6.98,2018-03
1,2018-04-02,15.67,2018-04
1,2018-04-03,42.96,2018-04
1,2018-04-04,55.59,2018-04
1,2018-04-05,43.52,2018-04
1,2018-04-06,54.06,2018-04
1,2018-04-07,44.17,2018-04
1,2018-04-08,28.57,2018-04
1,2018-04-09,21.56,2018-04
1,2018-04-10,41.21,2018-04
1,2018-04-11,42.23,2018-04
1,2018-04-12,54.32,2018-04
1,2018-04-13,61.05,2018-04
1,2018-04-14,27.15,2018-04
1,2018-04-15,37.02,2018-04
1,2018-04-16,34.66,2018-04
1,2018-04-17,48.96,2018-04
1,2018-04-18,67.16,2018-04
1,2018-04-19,81.98,2018-04
1,2018-04-20,45.84,2018-04
1,2018-04-21,53.71,2018-04
1,2018-04-22,53.66,2018-04
1,2018-04-23,41.57,2018-04
1,2018-04-24,35.06,2018-04
1,2018-04-25,69.61,2018-04
1,2018-04-26,72.51,2018-04
1,2018-04-27,39.27,2018-04
1,2018-04-28,74.23,2018-04
1,2018-04-29,27.32,2018-04
1,2018-04-30,12.87,2018-04
1,2018-05-01,27.64,2018-05
1,2018-05-02,33.07,2018-05
1,2018-05-03,41.27,2018-05
1,2018-05-04,64.44,2018-05
1,2018-05-05,19.2,2018-05
1,2018-05-06,52.91,2018-05
1,2018-05-07,34.86,2018-05
1,2018-05-08,20.5,2018-05
1,2018-05-09,28.16,2018-05
1,2018-05-10,37.55,2018-05
1,2018-05-11,33.21,2018-05
1,2018-05-12,34.69,2018-05
1,2018-05-13,32.28,2018-05
1,2018-05-14,64.38,2018-05
1,2018-05-15,47.0,2018-05
1,2018-05-16,66.39,2018-05
1,2018-05-17,57.07,2018-05
1,2018-05-18,49.19,2018-05
1,2018-05-19,48.37,2018-05
1,2018-05-20,29.76,2018-05
1,2018-05-21,40.3,2018-05
1,2018-05-22,33.08,2018-05
1,2018-05-23,36.25,2018-05
1,2018-05-24,53.93,2018-05
1,2018-05-25,29.89,2018-05
1,2018-05-26,33.56,2018-05
1,2018-05-27,30.89,2018-05
1,2018-05-28,54.47,2018-05
1,2018-05-29,61.13,2018-05
1,2018-05-30,130.47,2018-05
1,2018-05-31,141.7,2018-05
2,2017-06-01,132.56,2017-06
2,2017-06-02,132.38,2017-06
2,2017-06-03,77.2,2017-06
2,2017-06-04,79.08,2017-06
2,2017-06-05,108.96,2017-06
2,2017-06-06,167.81,2017-06
2,2017-06-07,92.62,2017-06
2,2017-06-08,114.05,2017-06
2,2017-06-09,83.96,2017-06
2,2017-06-10,35.95,2017-06
2,2017-06-11,49.79,2017-06
2,2017-06-12,50.5,2017-06
2,2017-06-13,47.08,2017-06
2,2017-06-14,40.66,2017-06
2,2017-06-15,72.09,2017-06
2,2017-06-16,53.27,2017-06
2,2017-06-17,45.56,2017-06
2,2017-06-18,49.47,2017-06
2,2017-06-19,58.54,2017-06
2,2017-06-20,94.2,2017-06
2,2017-06-21,102.7,2017-06
2,2017-06-22,86.15,2017-06
2,2017-06-23,49.09,2017-06
2,2017-06-24,54.51,2017-06
2,2017-06-25,60.33,2017-06
2,2017-06-26,96.14,2017-06
2,2017-06-27,79.26,2017-06
2,2017-06-28,108.52,2017-06
2,2017-06-29,117.28,2017-06
2,2017-06-30,87.67,2017-06
2,2017-07-01,61.77,2017-07
2,2017-07-02,43.28,2017-07
2,2017-07-03,91.52,2017-07
2,2017-07-04,88.26,2017-07
2,2017-07-05,58.95,2017-07
2,2017-07-06,52.27,2017-07
2,2017-07-07,80.34,2017-07
2,2017-07-08,79.89,2017-07
2,2017-07-09,64.23,2017-07
2,2017-07-10,66.23,2017-07
2,2017-07-11,108.81,2017-07
2,2017-07-12,95.68,2017-07
2,2017-07-13,88.51,2017-07
2,2017-07-14,124.0,2017-07
2,2017-07-15,96.34,2017-07
2,2017-07-16,73.94,2017-07
2,2017-07-17,196.68,2017-07
2,2017-07-18,80.87,2017-07
2,2017-07-19,73.14,2017-07
2,2017-07-20,62.1,2017-07
2,2017-07-21,78.24,2017-07
2,2017-07-22,79.86,2017-07
2,2017-07-23,41.43,2017-07
2,2017-07-24,62.56,2017-07
2,2017-07-25,56.9,2017-07
2,2017-07-26,67.83,2017-07
2,2017-07-27,53.35,2017-07
2,2017-07-28,59.86,2017-07
2,2017-07-29,23.74,2017-07
2,2017-07-30,54.72,2017-07
2,2017-07-31,67.81,2017-07
2,2017-08-01,84.42,2017-08
2,2017-08-02,54.21,2017-08
2,2017-08-03,46.52,2017-08
2,2017-08-04,70.81,2017-08
2,2017-08-05,44.31,2017-08
2,2017-08-06,28.67,2017-08
2,2017-08-07,32.72,2017-08
2,2017-08-08,56.98,2017-08
2,2017-08-09,35.91,2017-08
2,2017-08-10,55.19,2017-08
2,2017-08-11,45.89,2017-08
2,2017-08-12,36.05,2017-08
2,2017-08-13,42.78,2017-08
2,2017-08-14,55.77,2017-08
2,2017-08-15,52.23,2017-08
2,2017-08-16,88.73,2017-08
2,2017-08-17,97.53,2017-08
2,2017-08-18,51.7,2017-08
2,2017-08-19,50.1,2017-08
2,2017-08-20,50.96,2017-08
2,2017-08-21,59.69,2017-08
2,2017-08-22,52.39,2017-08
2,2017-08-23,68.44,2017-08
2,2017-08-24,54.21,2017-08
2,2017-08-25,58.65,2017-08
2,2017-08-26,45.69,2017-08
2,2017-08-27,59.08,2017-08
2,2017-08-28,74.89,2017-08
2,2017-08-29,69.44,2017-08
2,2017-08-30,77.47,2017-08
2,2017-08-31,109.62,2017-08
2,2017-09-01,65.27,2017-09
2,2017-09-02,57.95,2017-09
2,2017-09-03,75.83,2017-09
2,2017-09-04,55.43,2017-09
2,2017-09-05,96.44,2017-09
2,2017-09-06,136.21,2017-09
2,2017-09-07,94.66,2017-09
2,2017-09-08,98.74,2017-09
2,2017-09-09,62.03,2017-09
2,2017-09-10,80.49,2017-09
2,2017-09-11,82.77,2017-09
2,2017-09-12,81.64,2017-09
2,2017-09-13,113.53,2017-09
2,2017-09-14,99.72,2017-09
2,2017-09-15,58.03,2017-09
2,2017-09-16,77.42,2017-09
2,2017-09-17,77.3,2017-09
2,2017-09-18,103.36,2017-09
2,2017-09-19,93.57,2017-09
2,2017-09-20,80.13,2017-09
2,2017-09-21,140.29,2017-09
2,2017-09-22,96.75,2017-09
2,2017-09-23,75.39,2017-09
2,2017-09-24,106.94,2017-09
2,2017-09-25,174.67,2017-09
2,2017-09-26,109.95,2017-09
2,2017-09-27,149.61,2017-09
2,2017-09-28,151.35,2017-09
2,2017-09-29,170.09,2017-09
2,2017-09-30,120.1,2017-09
2,2017-10-01,90.53,2017-10
2,2017-10-02,177.67,2017-10
2,2017-10-03,165.71,2017-10
2,2017-10-04,204.96,2017-10
2,2017-10-05,145.18,2017-10
2,2017-10-06,272.59,2017-10
2,2017-10-07,161.63,2017-10
2,2017-10-08,133.42,2017-10
2,2017-10-09,152.23,2017-10
2,2017-10-10,133.24,2017-10
2,2017-10-11,162.05,2017-10
2,2017-10-12,197.27,2017-10
2,2017-10-13,213.09,2017-10
2,2017-10-14,131.73,2017-10
2,2017-10-15,125.95,2017-10
2,2017-10-16,138.79,2017-10
2,2017-10-17,145.7,2017-10
2,2017-10-18,124.34,2017-10
2,2017-10-19,154.09,2017-10
2,2017-10-20,201.57,2017-10
2,2017-10-21,145.0,2017-10
2,2017-10-22,165.84,2017-10
2,2017-10-23,119.32,2017-10
2,2017-10-24,116.4,2017-10
2,2017-10-25,201.39,2017-10
2,2017-10-26,131.85,2017-10
2,2017-10-27,178.17,2017-10
2,2017-10-28,129.0,2017-10
2,2017-10-29,137.8,2017-10
2,2017-10-30,188.63,2017-10
2,2017-10-31,99.86,2017-10
2,2017-11-01,204.4,2017-11
2,2017-11-02,218.45,2017-11
2,2017-11-03,159.16,2017-11
2,2017-11-04,134.45,2017-11
2,2017-11-05,196.33,2017-11
2,2017-11-06,125.58,2017-11
2,2017-11-07,125.18,2017-11
2,2017-11-08,171.77,2017-11
2,2017-11-09,121.06,2017-11
2,2017-11-10,160.6,2017-11
2,2017-11-11,133.35,2017-11
2,2017-11-12,119.54,2017-11
2,2017-11-13,175.9,2017-11
2,2017-11-14,150.53,2017-11
2,2017-11-15,107.63,2017-11
2,2017-11-16,272.25,2017-11
2,2017-11-17,153.89,2017-11
2,2017-11-18,124.52,2017-11
2,2017-11-19,185.27,2017-11
2,2017-11-20,207.91,2017-11
2,2017-11-21,167.37,2017-11
2,2017-11-22,126.59,2017-11
2,2017-11-23,161.19,2017-11
2,2017-11-24,507.09,2017-11
2,2017-11-25,238.81,2017-11
2,2017-11-26,184.69,2017-11
2,2017-11-27,160.79,2017-11
2,2017-11-28,199.55,2017-11
2,2017-11-29,110.41,2017-11
2,2017-11-30,143.42,2017-11
2,2017-12-01,193.39,2017-12
2,2017-12-02,121.91,2017-12
2,2017-12-03,146.74,2017-12
2,2017-12-04,179.38,2017-12
2,2017-12-05,142.95,2017-12
2,2017-12-06,160.62,2017-12
2,2017-12-07,224.42,2017-12
2,2017-12-08,176.55,2017-12
2,2017-12-09,128.35,2017-12
2,2017-12-10,164.37,2017-12
2,2017-12-11,208.46,2017-12
2,2017-12-12,222.31,2017-12
2,2017-12-13,138.29,2017-12
2,2017-12-14,213.38,2017-12
2,2017-12-15,179.36,2017-12
2,2017-12-16,169.75,2017-12
2,2017-12-17,152.38,2017-12
2,2017-12-18,130.33,2017-12
2,2017-12-19,166.4,2017-12
2,2017-12-20,122.19,2017-12
2,2017-12-21,108.06,2017-12
2,2017-12-22,90.53,2017-12
2,2017-12-23,145.14,2017-12
2,2017-12-24,131.91,2017-12
2,2017-12-25,176.2,2017-12
2,2017-12-26,181.8,2017-12
2,2017-12-27,144.42,2017-12
2,2017-12-28,195.88,2017-12
2,2017-12-29,133.01,2017-12
2,2017-12-30,158.27,2017-12
2,2017-12-31,91.05,2017-12
2,2018-01-01,113.13,2018-01
2,2018-01-02,146.25,2018-01
2,2018-01-03,137.03,2018-01
2,2018-01-04,153.54,2018-01
2,2018-01-05,115.97,2018-01
2,2018-01-06,119.81,2018-01
2,2018-01-07,117.94,2018-01
2,2018-01-08,128.98,2018-01
2,2018-01-09,184.67,2018-01
2,2018-01-10,185.36,2018-01
2,2018-01-11,140.1,2018-01
2,2018-01-12,149.57,2018-01
2,2018-01-13,90.47,2018-01
2,2018-01-14,98.85,2018-01
2,2018-01-15,158.16,2018-01
2,2018-01-16,104.29,2018-01
2,2018-01-17,106.49,2018-01
2,2018-01-18,126.74,2018-01
2,2018-01-19,150.85,2018-01
2,2018-01-20,152.28,2018-01
2,2018-01-21,100.46,2018-01
2,2018-01-22,188.81,2018-01
2,2018-01-23,113.58,2018-01
2,2018-01-24,124.23,2018-01
2,2018-01-25,105.91,2018-01
2,2018-01-26,99.34,2018-01
2,2018-01-27,129.01,2018-01
2,2018-01-28,109.3,2018-01
2,2018-01-29,270.67,2018-01
2,2018-01-30,153.06,2018-01
2,2018-01-31,82.89,2018-01
2,2018-02-01,268.84,2018-02
2,2018-02-02,137.27,2018-02
2,2018-02-03,121.58,2018-02
2,2018-02-04,138.34,2018-02
2,2018-02-05,140.44,2018-02
2,2018-02-06,124.81,2018-02
2,2018-02-07,192.33,2018-02
2,2018-02-08,133.54,2018-02
2,2018-02-09,182.99,2018-02
2,2018-02-10,253.15,2018-02
2,2018-02-11,156.64,2018-02
2,2018-02-12,173.06,2018-02
2,2018-02-13,145.64,2018-02
2,2018-02-14,187.85,2018-02
2,2018-02-15,181.31,2018-02
2,2018-02-16,121.06,2018-02
2,2018-02-17,177.42,2018-02
2,2018-02-18,169.99,2018-02
2,2018-02-19,138.62,2018-02
2,2018-02-20,184.04,2018-02
2,2018-02-21,130.91,2018-02
2,2018-02-22,242.84,2018-02
2,2018-02-23,79.07,2018-02
2,2018-02-24,158.59,2018-02
2,2018-02-25,119.49,2018-02
2,2018-02-26,130.16,2018-02
2,2018-02-27,144.51,2018-02
2,2018-02-28,139.85,2018-02
2,2018-03-01,96.13,2018-03
2,2018-03-02,149.68,2018-03
2,2018-03-03,106.29,2018-03
2,2018-03-04,119.26,2018-03
2,2018-03-05,165.52,2018-03
2,2018-03-06,121.25,2018-03
2,2018-03-07,126.08,2018-03
2,2018-03-08,168.36,2018-03
2,2018-03-09,96.99,2018-03
2,2018-03-10,109.34,2018-03
2,2018-03-11,165.23,2018-03
2,2018-03-12,142.05,2018-03
2,2018-03-13,118.27,2018-03
2,2018-03-14,112.42,2018-03
2,2018-03-15,126.74,2018-03
2,2018-03-16,119.82,2018-03
2,2018-03-17,99.27,2018-03
2,2018-03-18,91.15,2018-03
2,2018-03-19,131.53,2018-03
2,2018-03-20,173.69,2018-03
2,2018-03-21,148.75,2018-03
2,2018-03-22,142.55,2018-03
2,2018-03-23,165.39,2018-03
2,2018-03-24,203.26,2018-03
2,2018-03-25,125.0,2018-03
2,2018-03-26,212.38,2018-03
2,2018-03-27,134.7,2018-03
2,2018-03-28,120.75,2018-03
2,2018-03-29,136.21,2018-03
2,2018-03-30,15.08,2018-03
2,2018-04-02,90.86,2018-04
2,2018-04-03,83.54,2018-04
2,2018-04-04,92.35,2018-04
2,2018-04-05,123.88,2018-04
2,2018-04-06,126.38,2018-04
2,2018-04-07,62.95,2018-04
2,2018-04-08,111.13,2018-04
2,2018-04-09,160.18,2018-04
2,2018-04-10,97.32,2018-04
2,2018-04-11,113.94,2018-04
2,2018-04-12,114.41,2018-04
2,2018-04-13,108.68,2018-04
2,2018-04-14,71.49,2018-04
2,2018-04-15,70.05,2018-04
2,2018-04-16,123.83,2018-04
2,2018-04-17,99.44,2018-04
2,2018-04-18,121.69,2018-04
2,2018-04-19,150.91,2018-04
2,2018-04-20,136.91,2018-04
2,2018-04-21,77.12,2018-04
2,2018-04-22,76.97,2018-04
2,2018-04-23,135.85,2018-04
2,2018-04-24,134.53,2018-04
2,2018-04-25,138.46,2018-04
2,2018-04-26,100.86,2018-04
2,2018-04-27,76.17,2018-04
2,2018-04-28,90.52,2018-04
2,2018-04-29,38.51,2018-04
2,2018-04-30,64.77,2018-04
2,2018-05-01,41.31,2018-05
2,2018-05-02,67.77,2018-05
2,2018-05-03,135.37,2018-05
2,2018-05-04,80.2,2018-05
2,2018-05-05,52.86,2018-05
2,2018-05-06,51.37,2018-05
2,2018-05-07,58.35,2018-05
2,2018-05-08,60.29,2018-05
2,2018-05-09,45.38,2018-05
2,2018-05-10,62.69,2018-05
2,2018-05-11,82.25,2018-05
2,2018-05-12,61.59,2018-05
2,2018-05-13,63.59,2018-05
2,2018-05-14,119.08,2018-05
2,2018-05-15,111.66,2018-05
2,2018-05-16,133.03,2018-05
2,2018-05-17,70.77,2018-05
2,2018-05-18,79.88,2018-05
2,2018-05-19,86.66,2018-05
2,2018-05-20,63.21,2018-05
2,2018-05-21,95.9,2018-05
2,2018-05-22,103.77,2018-05
2,2018-05-23,65.77,2018-05
2,2018-05-24,88.89,2018-05
2,2018-05-25,78.55,2018-05
2,2018-05-26,54.07,2018-05
2,2018-05-27,113.35,2018-05
2,2018-05-28,82.67,2018-05
2,2018-05-29,105.75,2018-05
2,2018-05-30,119.26,2018-05
2,2018-05-31,254.15,2018-05
3,2017-06-01,349.38,2017-06
3,2017-06-02,314.22,2017-06
3,2017-06-03,196.12,2017-06
3,2017-06-04,389.87,2017-06
3,2017-06-05,424.47,2017-06
3,2017-06-06,332.77,2017-06
3,2017-06-07,237.02,2017-06
3,2017-06-08,727.29,2017-06
3,2017-06-09,461.07,2017-06
3,2017-06-10,148.42,2017-06
3,2017-06-11,148.5,2017-06
3,2017-06-12,127.54,2017-06
3,2017-06-13,45.73,2017-06
3,2017-06-14,221.27,2017-06
3,2017-06-15,334.99,2017-06
3,2017-06-16,272.4,2017-06
3,2017-06-17,184.27,2017-06
3,2017-06-18,214.63,2017-06
3,2017-06-19,347.54,2017-06
3,2017-06-20,122.17,2017-06
3,2017-06-21,205.21,2017-06
3,2017-06-22,372.5,2017-06
3,2017-06-23,225.21,2017-06
3,2017-06-24,57.07,2017-06
3,2017-06-25,207.36,2017-06
3,2017-06-26,188.88,2017-06
3,2017-06-27,229.18,2017-06
3,2017-06-28,200.73,2017-06
3,2017-06-29,103.47,2017-06
3,2017-06-30,342.37,2017-06
3,2017-07-01,174.94,2017-07
3,2017-07-02,207.03,2017-07
3,2017-07-03,273.75,2017-07
3,2017-07-04,331.36,2017-07
3,2017-07-05,233.41,2017-07
3,2017-07-06,349.63,2017-07
3,2017-07-07,241.25,2017-07
3,2017-07-08,243.65,2017-07
3,2017-07-09,291.75,2017-07
3,2017-07-10,243.38,2017-07
3,2017-07-11,284.19,2017-07
3,2017-07-12,355.82,2017-07
3,2017-07-13,237.93,2017-07
3,2017-07-14,518.41,2017-07
3,2017-07-15,306.19,2017-07
3,2017-07-16,198.49,2017-07
3,2017-07-17,352.5,2017-07
3,2017-07-18,203.7,2017-07
3,2017-07-19,174.5,2017-07
3,2017-07-20,179.74,2017-07
3,2017-07-21,410.71,2017-07
3,2017-07-22,182.17,2017-07
3,2017-07-23,129.22,2017-07
3,2017-07-24,272.24,2017-07
3,2017-07-25,207.46,2017-07
3,2017-07-26,138.07,2017-07
3,2017-07-27,189.37,2017-07
3,2017-07-28,97.25,2017-07
3,2017-07-29,177.74,2017-07
3,2017-07-30,212.65,2017-07
3,2017-07-31,255.87,2017-07
3,2017-08-01,273.19,2017-08
3,2017-08-02,149.18,2017-08
3,2017-08-03,199.69,2017-08
3,2017-08-04,136.09,2017-08
3,2017-08-05,94.11,2017-08
3,2017-08-06,116.5,2017-08
3,2017-08-07,96.13,2017-08
3,2017-08-08,225.66,2017-08
3,2017-08-09,146.72,2017-08
3,2017-08-10,246.74,2017-08
3,2017-08-11,165.68,2017-08
3,2017-08-12,78.15,2017-08
3,2017-08-13,179.91,2017-08
3,2017-08-14,202.24,2017-08
3,2017-08-15,192.73,2017-08
3,2017-08-16,208.7,2017-08
3,2017-08-17,302.19,2017-08
3,2017-08-18,242.57,2017-08
3,2017-08-19,190.33,2017-08
3,2017-08-20,223.77,2017-08
3,2017-08-21,208.13,2017-08
3,2017-08-22,187.84,2017-08
3,2017-08-23,189.78,2017-08
3,2017-08-24,215.38,2017-08
3,2017-08-25,156.91,2017-08
3,2017-08-26,184.72,2017-08
3,2017-08-27,212.8,2017-08
3,2017-08-28,276.51,2017-08
3,2017-08-29,221.59,2017-08
3,2017-08-30,266.46,2017-08
3,2017-08-31,353.14,2017-08
3,2017-09-01,237.51,2017-09
3,2017-09-02,105.01,2017-09
3,2017-09-03,245.4,2017-09
3,2017-09-04,144.76,2017-09
3,2017-09-05,421.37,2017-09
3,2017-09-06,257.91,2017-09
3,2017-09-07,410.8,2017-09
3,2017-09-08,431.65,2017-09
3,2017-09-09,330.87,2017-09
3,2017-09-10,262.62,2017-09
3,2017-09-11,328.94,2017-09
3,2017-09-12,102.11,2017-09
3,2017-09-13,561.03,2017-09
3,2017-09-14,454.22,2017-09
3,2017-09-15,364.39,2017-09
3,2017-09-16,229.28,2017-09
3,2017-09-17,364.78,2017-09
3,2017-09-18,276.36,2017-09
3,2017-09-19,503.55,2017-09
3,2017-09-20,330.87,2017-09
3,2017-09-21,86.02,2017-09
3,2017-09-22,281.4,2017-09
3,2017-09-23,180.88,2017-09
3,2017-09-24,346.07,2017-09
3,2017-09-25,455.29,2017-09
3,2017-09-26,531.85,2017-09
3,2017-09-27,552.22,2017-09
3,2017-09-28,224.08,2017-09
3,2017-09-29,421.28,2017-09
3,2017-09-30,521.03,2017-09
3,2017-10-01,448.54,2017-10
3,2017-10-02,558.33,2017-10
3,2017-10-03,620.7,2017-10
3,2017-10-04,497.16,2017-10
3,2017-10-05,765.45,2017-10
3,2017-10-06,980.52,2017-10
3,2017-10-07,624.13,2017-10
3,2017-10-08,279.46,2017-10
3,2017-10-09,444.12,2017-10
3,2017-10-10,750.95,2017-10
3,2017-10-11,433.84,2017-10
3,2017-10-12,285.02,2017-10
3,2017-10-13,703.26,2017-10
3,2017-10-14,215.19,2017-10
3,2017-10-15,461.56,2017-10
3,2017-10-16,227.3,2017-10
3,2017-10-17,515.74,2017-10
3,2017-10-18,499.52,2017-10
3,2017-10-19,473.7,2017-10
3,2017-10-20,516.12,2017-10
3,2017-10-21,195.93,2017-10
3,2017-10-22,334.13,2017-10
3,2017-10-23,504.54,2017-10
3,2017-10-24,565.97,2017-10
3,2017-10-25,369.48,2017-10
3,2017-10-26,435.66,2017-10
3,2017-10-27,824.66,2017-10
3,2017-10-28,614.7,2017-10
3,2017-10-29,727.16,2017-10
3,2017-10-30,495.34,2017-10
3,2017-10-31,369.06,2017-10
3,2017-11-01,617.56,2017-11
3,2017-11-02,633.72,2017-11
3,2017-11-03,811.14,2017-11
3,2017-11-04,383.86,2017-11
3,2017-11-05,363.83,2017-11
3,2017-11-06,385.05,2017-11
3,2017-11-07,472.89,2017-11
3,2017-11-08,404.08,2017-11
3,2017-11-09,224.83,2017-11
3,2017-11-10,542.29,2017-11
3,2017-11-11,396.88,2017-11
3,2017-11-12,564.78,2017-11
3,2017-11-13,412.38,2017-11
3,2017-11-14,476.64,2017-11
3,2017-11-15,301.45,2017-11
3,2017-11-16,749.26,2017-11
3,2017-11-17,248.1,2017-11
3,2017-11-18,608.15,2017-11
3,2017-11-19,269.85,2017-11
3,2017-11-20,106.78,2017-11
3,2017-11-21,693.85,2017-11
3,2017-11-22,508.41,2017-11
3,2017-11-23,713.97,2017-11
3,2017-11-24,1788.28,2017-11
3,2017-11-25,803.14,2017-11
3,2017-11-26,579.39,2017-11
3,2017-11-27,831.73,2017-11
3,2017-11-28,701.35,2017-11
3,2017-11-29,654.18,2017-11
3,2017-11-30,777.52,2017-11
3,2017-12-01,452.52,2017-12
3,2017-12-02,425.38,2017-12
3,2017-12-03,404.96,2017-12
3,2017-12-04,539.16,2017-12
3,2017-12-05,274.88,2017-12
3,2017-12-06,531.99,2017-12
3,2017-12-07,682.59,2017-12
3,2017-12-08,422.58,2017-12
3,2017-12-09,560.65,2017-12
3,2017-12-10,550.32,2017-12
3,2017-12-11,1061.18,2017-12
3,2017-12-12,802.27,2017-12
3,2017-12-13,758.28,2017-12
3,2017-12-14,679.05,2017-12
3,2017-12-15,648.71,2017-12
3,2017-12-16,350.28,2017-12
3,2017-12-17,518.7,2017-12
3,2017-12-18,500.39,2017-12
3,2017-12-19,218.25,2017-12
3,2017-12-20,624.59,2017-12
3,2017-12-21,482.27,2017-12
3,2017-12-22,567.75,2017-12
3,2017-12-23,100.85,2017-12
3,2017-12-24,637.19,2017-12
3,2017-12-25,497.03,2017-12
3,2017-12-26,156.05,2017-12
3,2017-12-27,279.55,2017-12
3,2017-12-28,858.28,2017-12
3,2017-12-29,566.09,2017-12
3,2017-12-30,633.59,2017-12
3,2017-12-31,434.14,2017-12
3,2018-01-01,364.64,2018-01
3,2018-01-02,594.16,2018-01
3,2018-01-03,844.63,2018-01
3,2018-01-04,758.83,2018-01
3,2018-01-05,498.58,2018-01
3,2018-01-06,354.74,2018-01
3,2018-01-07,435.94,2018-01
3,2018-01-08,252.17,2018-01
3,2018-01-09,396.09,2018-01
3,2018-01-10,448.79,2018-01
3,2018-01-11,548.97,2018-01
3,2018-01-12,495.72,2018-01
3,2018-01-13,340.15,2018-01
3,2018-01-14,502.7,2018-01
3,2018-01-15,547.61,2018-01
3,2018-01-16,642.89,2018-01
3,2018-01-17,435.1,2018-01
3,2018-01-18,396.24,2018-01
3,2018-01-19,784.57,2018-01
3,2018-01-20,403.24,2018-01
3,2018-01-21,366.84,2018-01
3,2018-01-22,297.41,2018-01
3,2018-01-23,429.22,2018-01
3,2018-01-24,544.27,2018-01
3,2018-01-25,470.87,2018-01
3,2018-01-26,412.99,2018-01
3,2018-01-27,289.71,2018-01
3,2018-01-28,443.97,2018-01
3,2018-01-29,462.78,2018-01
3,2018-01-30,565.06,2018-01
3,2018-01-31,479.9,2018-01
3,2018-02-01,636.36,2018-02
3,2018-02-02,698.2,2018-02
3,2018-02-03,475.9,2018-02
3,2018-02-04,288.08,2018-02
3,2018-02-05,845.75,2018-02
3,2018-02-06,304.88,2018-02
3,2018-02-07,405.02,2018-02
3,2018-02-08,379.87,2018-02
3,2018-02-09,822.49,2018-02
3,2018-02-10,696.42,2018-02
3,2018-02-11,503.52,2018-02
3,2018-02-12,481.29,2018-02
3,2018-02-13,791.51,2018-02
3,2018-02-14,606.1,2018-02
3,2018-02-15,506.63,2018-02
3,2018-02-16,377.97,2018-02
3,2018-02-17,414.5,2018-02
3,2018-02-18,241.55,2018-02
3,2018-02-19,774.05,2018-02
3,2018-02-20,559.89,2018-02
3,2018-02-21,456.22,2018-02
3,2018-02-22,769.47,2018-02
3,2018-02-23,79.62,2018-02
3,2018-02-24,579.05,2018-02
3,2018-02-25,455.87,2018-02
3,2018-02-26,423.43,2018-02
3,2018-02-27,356.55,2018-02
3,2018-02-28,298.37,2018-02
3,2018-03-01,688.48,2018-03
3,2018-03-02,646.35,2018-03
3,2018-03-03,324.12,2018-03
3,2018-03-04,232.25,2018-03
3,2018-03-05,249.87,2018-03
3,2018-03-06,121.28,2018-03
3,2018-03-07,996.15,2018-03
3,2018-03-08,252.95,2018-03
3,2018-03-09,410.89,2018-03
3,2018-03-10,609.1,2018-03
3,2018-03-11,471.25,2018-03
3,2018-03-12,570.53,2018-03
3,2018-03-13,498.59,2018-03
3,2018-03-14,428.23,2018-03
3,2018-03-15,702.52,2018-03
3,2018-03-16,252.37,2018-03
3,2018-03-17,449.81,2018-03
3,2018-03-18,178.75,2018-03
3,2018-03-19,418.56,2018-03
3,2018-03-20,522.96,2018-03
3,2018-03-21,144.63,2018-03
3,2018-03-22,758.15,2018-03
3,2018-03-23,587.14,2018-03
3,2018-03-24,272.83,2018-03
3,2018-03-25,142.69,2018-03
3,2018-03-26,642.59,2018-03
3,2018-03-27,700.76,2018-03
3,2018-03-28,289.93,2018-03
3,2018-03-29,477.86,2018-03
3,2018-03-30,39.26,2018-03
3,2018-04-02,317.38,2018-04
3,2018-04-03,506.88,2018-04
3,2018-04-04,517.14,2018-04
3,2018-04-05,225.38,2018-04
3,2018-04-06,486.8,2018-04
3,2018-04-07,295.39,2018-04
3,2018-04-08,75.9,2018-04
3,2018-04-09,275.62,2018-04
3,2018-04-10,451.91,2018-04
3,2018-04-11,322.04,2018-04
3,2018-04-12,221.52,2018-04
3,2018-04-13,186.29,2018-04
3,2018-04-14,272.6,2018-04
3,2018-04-15,271.07,2018-04
3,2018-04-16,203.73,2018-04
3,2018-04-17,347.63,2018-04
3,2018-04-18,330.7,2018-04
3,2018-04-19,603.7,2018-04
3,2018-04-20,184.98,2018-04
3,2018-04-21,219.22,2018-04
3,2018-04-22,467.88,2018-04
3,2018-04-23,396.01,2018-04
3,2018-04-24,372.35,2018-04
3,2018-04-25,448.29,2018-04
3,2018-04-26,384.02,2018-04
3,2018-04-27,316.37,2018-04
3,2018-04-28,316.81,2018-04
3,2018-04-29,135.33,2018-04
3,2018-04-30,143.87,2018-04
3,2018-05-01,299.0,2018-05
3,2018-05-02,163.83,2018-05
3,2018-05-03,262.65,2018-05
3,2018-05-04,359.21,2018-05
3,2018-05-05,164.52,2018-05
3,2018-05-06,148.85,2018-05
3,2018-05-07,302.21,2018-05
3,2018-05-08,267.01,2018-05
3,2018-05-09,192.89,2018-05
3,2018-05-10,390.34,2018-05
3,2018-05-11,309.55,2018-05
3,2018-05-12,313.79,2018-05
3,2018-05-13,271.35,2018-05
3,2018-05-14,218.5,2018-05
3,2018-05-15,312.35,2018-05
3,2018-05-16,370.19,2018-05
3,2018-05-17,156.52,2018-05
3,2018-05-18,414.42,2018-05
3,2018-05-19,180.85,2018-05
3,2018-05-20,172.81,2018-05
3,2018-05-21,126.83,2018-05
3,2018-05-22,336.66,2018-05
3,2018-05-23,323.1,2018-05
3,2018-05-24,352.08,2018-05
3,2018-05-25,439.4,2018-05
3,2018-05-26,278.02,2018-05
3,2018-05-27,254.9,2018-05
3,2018-05-28,247.92,2018-05
3,2018-05-29,347.59,2018-05
3,2018-05-30,611.78,2018-05
3,2018-05-31,822.3,2018-05
4,2017-06-01,76.74,2017-06
4,2017-06-02,59.21,2017-06
4,2017-06-03,59.39,2017-06
4,2017-06-04,161.97,2017-06
4,2017-06-05,44.65,2017-06
4,2017-06-06,2.38,2017-06
4,2017-06-07,28.46,2017-06
4,2017-06-08,283.81,2017-06
4,2017-06-09,446.64,2017-06
4,2017-06-10,80.25,2017-06
4,2017-06-11,71.66,2017-06
4,2017-06-12,101.0,2017-06
4,2017-06-13,79.65,2017-06
4,2017-06-14,46.55,2017-06
4,2017-06-15,320.16,2017-06
4,2017-06-16,73.25,2017-06
4,2017-06-17,68.61,2017-06
4,2017-06-18,74.01,2017-06
4,2017-06-19,51.9,2017-06
4,2017-06-20,194.46,2017-06
4,2017-06-21,52.6,2017-06
4,2017-06-22,102.29,2017-06
4,2017-06-23,268.03,2017-06
4,2017-06-24,143.2,2017-06
4,2017-06-25,168.31,2017-06
4,2017-06-26,45.0,2017-06
4,2017-06-27,114.44,2017-06
4,2017-06-28,54.02,2017-06
4,2017-06-29,23.41,2017-06
4,2017-06-30,218.75,2017-06
4,2017-07-01,43.17,2017-07
4,2017-07-02,161.67,2017-07
4,2017-07-03,54.69,2017-07
4,2017-07-04,93.86,2017-07
4,2017-07-05,74.94,2017-07
4,2017-07-06,273.2,2017-07
4,2017-07-07,13.58,2017-07
4,2017-07-08,91.94,2017-07
4,2017-07-09,51.91,2017-07
4,2017-07-10,59.37,2017-07
4,2017-07-11,38.38,2017-07
4,2017-07-12,54.86,2017-07
4,2017-07-13,59.66,2017-07
4,2017-07-14,448.92,2017-07
4,2017-07-15,90.66,2017-07
4,2017-07-16,10.99,2017-07
4,2017-07-17,298.2,2017-07
4,2017-07-18,278.26,2017-07
4,2017-07-19,150.08,2017-07
4,2017-07-20,172.85,2017-07
4,2017-07-21,178.37,2017-07
4,2017-07-22,9.59,2017-07
4,2017-07-23,42.18,2017-07
4,2017-07-24,153.37,2017-07
4,2017-07-25,89.37,2017-07
4,2017-07-26,60.41,2017-07
4,2017-07-27,141.77,2017-07
4,2017-07-28,126.26,2017-07
4,2017-07-29,29.52,2017-07
4,2017-07-30,27.97,2017-07
4,2017-07-31,149.73,2017-07
4,2017-08-01,36.22,2017-08
4,2017-08-02,109.08,2017-08
4,2017-08-03,167.72,2017-08
4,2017-08-04,109.33,2017-08
4,2017-08-05,73.41,2017-08
4,2017-08-06,31.19,2017-08
4,2017-08-07,8.36,2017-08
4,2017-08-08,39.92,2017-08
4,2017-08-09,92.77,2017-08
4,2017-08-10,91.02,2017-08
4,2017-08-11,106.65,2017-08
4,2017-08-12,69.85,2017-08
4,2017-08-13,84.61,2017-08
4,2017-08-14,35.83,2017-08
4,2017-08-15,210.6,2017-08
4,2017-08-16,228.72,2017-08
4,2017-08-17,19.99,2017-08
4,2017-08-18,129.32,2017-08
4,2017-08-19,184.76,2017-08
4,2017-08-20,28.41,2017-08
4,2017-08-21,4.0,2017-08
4,2017-08-22,214.23,2017-08
4,2017-08-23,130.07,2017-08
4,2017-08-24,45.19,2017-08
4,2017-08-25,174.93,2017-08
4,2017-08-26,33.11,2017-08
4,2017-08-27,212.58,2017-08
4,2017-08-28,113.71,2017-08
4,2017-08-29,1.74,2017-08
4,2017-08-30,316.81,2017-08
4,2017-08-31,113.23,2017-08
4,2017-09-01,54.43,2017-09
4,2017-09-02,59.41,2017-09
4,2017-09-03,208.19,2017-09
4,2017-09-04,249.91,2017-09
4,2017-09-05,73.44,2017-09
4,2017-09-06,263.13,2017-09
4,2017-09-07,362.7,2017-09
4,2017-09-08,307.03,2017-09
4,2017-09-09,50.32,2017-09
4,2017-09-10,118.53,2017-09
4,2017-09-11,83.39,2017-09
4,2017-09-12,181.7,2017-09
4,2017-09-13,138.54,2017-09
4,2017-09-14,331.25,2017-09
4,2017-09-15,107.81,2017-09
4,2017-09-16,223.44,2017-09
4,2017-09-17,59.76,2017-09
4,2017-09-18,154.6,2017-09
4,2017-09-19,10.23,2017-09
4,2017-09-20,51.3,2017-09
4,2017-09-21,95.94,2017-09
4,2017-09-22,359.35,2017-09
4,2017-09-23,127.75,2017-09
4,2017-09-24,170.74,2017-09
4,2017-09-25,46.58,2017-09
4,2017-09-26,261.97,2017-09
4,2017-09-27,48.69,2017-09
4,2017-09-28,270.94,2017-09
4,2017-09-29,523.77,2017-09
4,2017-09-30,197.42,2017-09
4,2017-10-01,282.74,2017-10
4,2017-10-02,129.08,2017-10
4,2017-10-03,119.74,2017-10
4,2017-10-04,161.14,2017-10
4,2017-10-05,434.14,2017-10
4,2017-10-06,172.24,2017-10
4,2017-10-07,259.13,2017-10
4,2017-10-08,154.38,2017-10
4,2017-10-09,263.95,2017-10
4,2017-10-10,305.53,2017-10
4,2017-10-11,113.03,2017-10
4,2017-10-12,63.37,2017-10
4,2017-10-13,12.16,2017-10
4,2017-10-14,109.49,2017-10
4,2017-10-15,60.02,2017-10
4,2017-10-16,103.63,2017-10
4,2017-10-17,1.96,2017-10
4,2017-10-18,103.2,2017-10
4,2017-10-19,287.31,2017-10
4,2017-10-20,378.15,2017-10
4,2017-10-21,561.65,2017-10
4,2017-10-22,258.74,2017-10
4,2017-10-23,274.26,2017-10
4,2017-10-24,243.86,2017-10
4,2017-10-25,235.48,2017-10
4,2017-10-26,300.89,2017-10
4,2017-10-27,395.49,2017-10
4,2017-10-28,85.86,2017-10
4,2017-10-29,236.95,2017-10
4,2017-10-30,309.56,2017-10
4,2017-10-31,3.71,2017-10
4,2017-11-01,90.16,2017-11
4,2017-11-02,270.7,2017-11
4,2017-11-03,48.25,2017-11
4,2017-11-04,228.73,2017-11
4,2017-11-05,387.64,2017-11
4,2017-11-06,223.11,2017-11
4,2017-11-07,50.19,2017-11
4,2017-11-08,312.31,2017-11
4,2017-11-09,4.09,2017-11
4,2017-11-10,224.96,2017-11
4,2017-11-11,318.96,2017-11
4,2017-11-12,256.17,2017-11
4,2017-11-13,458.41,2017-11
4,2017-11-14,57.03,2017-11
4,2017-11-15,32.09,2017-11
4,2017-11-16,418.31,2017-11
4,2017-11-17,86.21,2017-11
4,2017-11-18,312.73,2017-11
4,2017-11-19,51.8,2017-11
4,2017-11-20,7.19,2017-11
4,2017-11-21,22.24,2017-11
4,2017-11-22,236.37,2017-11
4,2017-11-23,47.6,2017-11
4,2017-11-24,80.88,2017-11
4,2017-11-25,267.3,2017-11
4,2017-11-26,58.15,2017-11
4,2017-11-27,68.76,2017-11
4,2017-11-28,87.09,2017-11
4,2017-11-29,242.35,2017-11
4,2017-11-30,439.04,2017-11
4,2017-12-01,104.28,2017-12
4,2017-12-02,117.69,2017-12
4,2017-12-03,256.2,2017-12
4,2017-12-04,473.2,2017-12
4,2017-12-05,788.03,2017-12
4,2017-12-06,85.34,2017-12
4,2017-12-07,372.14,2017-12
4,2017-12-08,28.14,2017-12
4,2017-12-09,367.51,2017-12
4,2017-12-10,66.03,2017-12
4,2017-12-11,509.15,2017-12
4,2017-12-12,325.47,2017-12
4,2017-12-13,191.42,2017-12
4,2017-12-14,279.2,2017-12
4,2017-12-15,593.39,2017-12
4,2017-12-16,95.71,2017-12
4,2017-12-17,421.49,2017-12
4,2017-12-18,72.47,2017-12
4,2017-12-19,42.16,2017-12
4,2017-12-20,229.25,2017-12
4,2017-12-21,219.21,2017-12
4,2017-12-22,64.88,2017-12
4,2017-12-23,457.46,2017-12
4,2017-12-24,25.28,2017-12
4,2017-12-25,304.38,2017-12
4,2017-12-26,252.6,2017-12
4,2017-12-27,187.92,2017-12
4,2017-12-28,89.49,2017-12
4,2017-12-29,362.48,2017-12
4,2017-12-30,237.85,2017-12
4,2017-12-31,60.65,2017-12
4,2018-01-01,92.45,2018-01
4,2018-01-02,281.71,2018-01
4,2018-01-03,102.03,2018-01
4,2018-01-04,194.2,2018-01
4,2018-01-05,118.87,2018-01
4,2018-01-06,301.0,2018-01
4,2018-01-07,130.14,2018-01
4,2018-01-08,14.55,2018-01
4,2018-01-09,66.62,2018-01
4,2018-01-10,67.72,2018-01
4,2018-01-11,557.49,2018-01
4,2018-01-12,159.19,2018-01
4,2018-01-13,68.96,2018-01
4,2018-01-14,99.48,2018-01
4,2018-01-15,19.93,2018-01
4,2018-01-16,420.21,2018-01
4,2018-01-17,386.59,2018-01
4,2018-01-18,94.14,2018-01
4,2018-01-19,363.74,2018-01
4,2018-01-20,96.7,2018-01
4,2018-01-21,212.55,2018-01
4,2018-01-22,560.97,2018-01
4,2018-01-23,11.67,2018-01
4,2018-01-24,106.02,2018-01
4,2018-01-25,8.81,2018-01
4,2018-01-26,379.13,2018-01
4,2018-01-27,227.3,2018-01
4,2018-01-28,152.14,2018-01
4,2018-01-29,315.11,2018-01
4,2018-01-30,149.99,2018-01
4,2018-01-31,73.38,2018-01
4,2018-02-01,10.46,2018-02
4,2018-02-02,290.24,2018-02
4,2018-02-03,84.62,2018-02
4,2018-02-04,155.41,2018-02
4,2018-02-05,167.23,2018-02
4,2018-02-06,185.07,2018-02
4,2018-02-07,4.7,2018-02
4,2018-02-08,202.29,2018-02
4,2018-02-09,281.17,2018-02
4,2018-02-10,718.84,2018-02
4,2018-02-11,350.14,2018-02
4,2018-02-12,414.37,2018-02
4,2018-02-13,112.65,2018-02
4,2018-02-14,8.12,2018-02
4,2018-02-15,427.46,2018-02
4,2018-02-16,138.81,2018-02
4,2018-02-17,100.71,2018-02
4,2018-02-18,440.81,2018-02
4,2018-02-19,164.76,2018-02
4,2018-02-20,286.74,2018-02
4,2018-02-21,260.03,2018-02
4,2018-02-22,131.14,2018-02
4,2018-02-23,85.63,2018-02
4,2018-02-24,180.81,2018-02
4,2018-02-25,258.94,2018-02
4,2018-02-26,57.12,2018-02
4,2018-02-27,69.79,2018-02
4,2018-02-28,123.9,2018-02
4,2018-03-01,364.8,2018-03
4,2018-03-02,40.49,2018-03
4,2018-03-03,6.31,2018-03
4,2018-03-04,104.19,2018-03
4,2018-03-05,335.27,2018-03
4,2018-03-06,348.6,2018-03
4,2018-03-07,336.61,2018-03
4,2018-03-08,275.19,2018-03
4,2018-03-09,77.68,2018-03
4,2018-03-10,285.0,2018-03
4,2018-03-11,485.34,2018-03
4,2018-03-12,13.89,2018-03
4,2018-03-13,496.42,2018-03
4,2018-03-14,140.16,2018-03
4,2018-03-15,196.12,2018-03
4,2018-03-16,94.32,2018-03
4,2018-03-17,219.68,2018-03
4,2018-03-18,0.83,2018-03
4,2018-03-19,219.8,2018-03
4,2018-03-20,294.67,2018-03
4,2018-03-21,146.74,2018-03
4,2018-03-22,109.82,2018-03
4,2018-03-23,58.34,2018-03
4,2018-03-24,196.0,2018-03
4,2018-03-25,241.82,2018-03
4,2018-03-26,297.49,2018-03
4,2018-03-27,51.2,2018-03
4,2018-03-28,303.04,2018-03
4,2018-03-29,206.36,2018-03
4,2018-03-30,15.69,2018-03
4,2018-04-02,65.09,2018-04
4,2018-04-03,56.98,2018-04
4,2018-04-04,51.62,2018-04
4,2018-04-05,226.01,2018-04
4,2018-04-06,118.28,2018-04
4,2018-04-07,36.92,2018-04
4,2018-04-08,45.96,2018-04
4,2018-04-09,364.56,2018-04
4,2018-04-10,199.19,2018-04
4,2018-04-11,161.69,2018-04
4,2018-04-12,160.14,2018-04
4,2018-04-13,487.0,2018-04
4,2018-04-14,243.86,2018-04
4,2018-04-15,144.55,2018-04
4,2018-04-16,210.94,2018-04
4,2018-04-17,50.59,2018-04
4,2018-04-18,68.18,2018-04
4,2018-04-19,45.03,2018-04
4,2018-04-20,357.11,2018-04
4,2018-04-21,4.55,2018-04
4,2018-04-22,210.54,2018-04
4,2018-04-23,65.52,2018-04
4,2018-04-24,57.69,2018-04
4,2018-04-25,14.13,2018-04
4,2018-04-26,346.0,2018-04
4,2018-04-27,207.3,2018-04
4,2018-04-28,12.44,2018-04
4,2018-04-29,339.13,2018-04
4,2018-04-30,57.49,2018-04
4,2018-05-01,130.82,2018-05
4,2018-05-02,136.8,2018-05
4,2018-05-03,164.61,2018-05
4,2018-05-04,196.83,2018-05
4,2018-05-05,160.29,2018-05
4,2018-05-06,39.57,2018-05
4,2018-05-07,192.17,2018-05
4,2018-05-08,132.93,2018-05
4,2018-05-09,133.48,2018-05
4,2018-05-10,60.58,2018-05
4,2018-05-11,1.31,2018-05
4,2018-05-12,58.74,2018-05
4,2018-05-13,145.15,2018-05
4,2018-05-14,93.19,2018-05
4,2018-05-15,48.68,2018-05
4,2018-05-16,199.99,2018-05
4,2018-05-17,227.86,2018-05
4,2018-05-18,265.19,2018-05
4,2018-05-19,179.98,2018-05
4,2018-05-20,195.92,2018-05
4,2018-05-21,80.09,2018-05
4,2018-05-22,235.27,2018-05
4,2018-05-23,59.62,2018-05
4,2018-05-24,288.83,2018-05
4,2018-05-25,28.02,2018-05
4,2018-05-26,46.98,2018-05
4,2018-05-27,28.04,2018-05
4,2018-05-28,68.88,2018-05
4,2018-05-29,103.84,2018-05
4,2018-05-30,18.01,2018-05
4,2018-05-31,492.54,2018-05
5,2017-06-01,73.24,2017-06
5,2017-06-02,123.82,2017-06
5,2017-06-03,64.93,2017-06
5,2017-06-04,52.77,2017-06
5,2017-06-05,144.3,2017-06
5,2017-06-06,136.43,2017-06
5,2017-06-07,123.15,2017-06
5,2017-06-08,156.32,2017-06
5,2017-06-09,130.94,2017-06
5,2017-06-10,72.51,2017-06
5,2017-06-11,41.89,2017-06
5,2017-06-12,64.6,2017-06
5,2017-06-13,81.81,2017-06
5,2017-06-14,81.15,2017-06
5,2017-06-15,116.72,2017-06
5,2017-06-16,102.74,2017-06
5,2017-06-17,63.85,2017-06
5,2017-06-18,51.2,2017-06
5,2017-06-19,71.66,2017-06
5,2017-06-20,106.82,2017-06
5,2017-06-21,69.14,2017-06
5,2017-06-22,94.81,2017-06
5,2017-06-23,65.49,2017-06
5,2017-06-24,50.51,2017-06
5,2017-06-25,70.65,2017-06
5,2017-06-26,111.47,2017-06
5,2017-06-27,80.62,2017-06
5,2017-06-28,60.32,2017-06
5,2017-06-29,74.38,2017-06
5,2017-06-30,77.88,2017-06
5,2017-07-01,72.99,2017-07
5,2017-07-02,45.97,2017-07
5,2017-07-03,107.34,2017-07
5,2017-07-04,92.4,2017-07
5,2017-07-05,76.88,2017-07
5,2017-07-06,119.51,2017-07
5,2017-07-07,123.22,2017-07
5,2017-07-08,56.8,2017-07
5,2017-07-09,77.58,2017-07
5,2017-07-10,100.74,2017-07
5,2017-07-11,89.67,2017-07
5,2017-07-12,103.19,2017-07
5,2017-07-13,156.89,2017-07
5,2017-07-14,143.57,2017-07
5,2017-07-15,161.95,2017-07
5,2017-07-16,96.74,2017-07
5,2017-07-17,186.09,2017-07
5,2017-07-18,148.57,2017-07
5,2017-07-19,132.52,2017-07
5,2017-07-20,108.2,2017-07
5,2017-07-21,61.18,2017-07
5,2017-07-22,54.08,2017-07
5,2017-07-23,52.58,2017-07
5,2017-07-24,116.97,2017-07
5,2017-07-25,77.35,2017-07
5,2017-07-26,71.7,2017-07
5,2017-07-27,113.6,2017-07
5,2017-07-28,57.68,2017-07
5,2017-07-29,47.6,2017-07
5,2017-07-30,55.95,2017-07
5,2017-07-31,88.63,2017-07
5,2017-08-01,52.78,2017-08
5,2017-08-02,63.8,2017-08
5,2017-08-03,64.27,2017-08
5,2017-08-04,46.88,2017-08
5,2017-08-05,36.28,2017-08
5,2017-08-06,27.82,2017-08
5,2017-08-07,71.4,2017-08
5,2017-08-08,65.5,2017-08
5,2017-08-09,72.48,2017-08
5,2017-08-10,79.18,2017-08
5,2017-08-11,85.24,2017-08
5,2017-08-12,46.54,2017-08
5,2017-08-13,47.43,2017-08
5,2017-08-14,82.15,2017-08
5,2017-08-15,61.24,2017-08
5,2017-08-16,81.53,2017-08
5,2017-08-17,65.24,2017-08
5,2017-08-18,100.28,2017-08
5,2017-08-19,45.55,2017-08
5,2017-08-20,54.85,2017-08
5,2017-08-21,88.5,2017-08
5,2017-08-22,72.48,2017-08
5,2017-08-23,82.29,2017-08
5,2017-08-24,89.01,2017-08
5,2017-08-25,79.18,2017-08
5,2017-08-26,83.43,2017-08
5,2017-08-27,78.63,2017-08
5,2017-08-28,88.96,2017-08
5,2017-08-29,87.54,2017-08
5,2017-08-30,97.57,2017-08
5,2017-08-31,87.25,2017-08
5,2017-09-01,119.64,2017-09
5,2017-09-02,90.42,2017-09
5,2017-09-03,78.45,2017-09
5,2017-09-04,108.52,2017-09
5,2017-09-05,94.98,2017-09
5,2017-09-06,98.49,2017-09
5,2017-09-07,133.6,2017-09
5,2017-09-08,142.4,2017-09
5,2017-09-09,81.99,2017-09
5,2017-09-10,67.69,2017-09
5,2017-09-11,131.9,2017-09
5,2017-09-12,106.66,2017-09
5,2017-09-13,89.67,2017-09
5,2017-09-14,152.54,2017-09
5,2017-09-15,147.87,2017-09
5,2017-09-16,102.66,2017-09
5,2017-09-17,79.43,2017-09
5,2017-09-18,241.06,2017-09
5,2017-09-19,125.87,2017-09
5,2017-09-20,105.49,2017-09
5,2017-09-21,119.97,2017-09
5,2017-09-22,127.55,2017-09
5,2017-09-23,79.47,2017-09
5,2017-09-24,138.4,2017-09
5,2017-09-25,277.25,2017-09
5,2017-09-26,165.83,2017-09
5,2017-09-27,165.46,2017-09
5,2017-09-28,186.56,2017-09
5,2017-09-29,162.61,2017-09
5,2017-09-30,126.71,2017-09
5,2017-10-01,131.62,2017-10
5,2017-10-02,163.98,2017-10
5,2017-10-03,249.43,2017-10
5,2017-10-04,203.27,2017-10
5,2017-10-05,195.54,2017-10
5,2017-10-06,224.15,2017-10
5,2017-10-07,209.63,2017-10
5,2017-10-08,126.07,2017-10
5,2017-10-09,201.99,2017-10
5,2017-10-10,131.21,2017-10
5,2017-10-11,168.86,2017-10
5,2017-10-12,173.81,2017-10
5,2017-10-13,238.24,2017-10
5,2017-10-14,149.78,2017-10
5,2017-10-15,158.86,2017-10
5,2017-10-16,238.57,2017-10
5,2017-10-17,121.31,2017-10
5,2017-10-18,226.92,2017-10
5,2017-10-19,148.06,2017-10
5,2017-10-20,189.67,2017-10
5,2017-10-21,108.48,2017-10
5,2017-10-22,155.01,2017-10
5,2017-10-23,216.83,2017-10
5,2017-10-24,194.72,2017-10
5,2017-10-25,178.97,2017-10
5,2017-10-26,158.5,2017-10
5,2017-10-27,221.31,2017-10
5,2017-10-28,204.82,2017-10
5,2017-10-29,205.15,2017-10
5,2017-10-30,234.35,2017-10
5,2017-10-31,238.29,2017-10
5,2017-11-01,211.73,2017-11
5,2017-11-02,227.62,2017-11
5,2017-11-03,186.36,2017-11
5,2017-11-04,157.44,2017-11
5,2017-11-05,162.07,2017-11
5,2017-11-06,158.74,2017-11
5,2017-11-07,122.07,2017-11
5,2017-11-08,221.81,2017-11
5,2017-11-09,212.46,2017-11
5,2017-11-10,191.35,2017-11
5,2017-11-11,170.58,2017-11
5,2017-11-12,145.53,2017-11
5,2017-11-13,249.78,2017-11
5,2017-11-14,198.26,2017-11
5,2017-11-15,169.23,2017-11
5,2017-11-16,216.46,2017-11
5,2017-11-17,195.2,2017-11
5,2017-11-18,176.74,2017-11
5,2017-11-19,191.84,2017-11
5,2017-11-20,214.02,2017-11
5,2017-11-21,220.65,2017-11
5,2017-11-22,176.34,2017-11
5,2017-11-23,207.62,2017-11
5,2017-11-24,719.22,2017-11
5,2017-11-25,247.53,2017-11
5,2017-11-26,137.72,2017-11
5,2017-11-27,229.15,2017-11
5,2017-11-28,230.64,2017-11
5,2017-11-29,146.91,2017-11
5,2017-11-30,230.27,2017-11
5,2017-12-01,216.67,2017-12
5,2017-12-02,149.99,2017-12
5,2017-12-03,198.06,2017-12
5,2017-12-04,231.08,2017-12
5,2017-12-05,201.66,2017-12
5,2017-12-06,200.93,2017-12
5,2017-12-07,279.31,2017-12
5,2017-12-08,174.57,2017-12
5,2017-12-09,164.53,2017-12
5,2017-12-10,158.58,2017-12
5,2017-12-11,180.75,2017-12
5,2017-12-12,213.72,2017-12
5,2017-12-13,234.93,2017-12
5,2017-12-14,160.58,2017-12
5,2017-12-15,224.7,2017-12
5,2017-12-16,199.98,2017-12
5,2017-12-17,191.3,2017-12
5,2017-12-18,157.6,2017-12
5,2017-12-19,192.92,2017-12
5,2017-12-20,203.87,2017-12
5,2017-12-21,193.1,2017-12
5,2017-12-22,196.05,2017-12
5,2017-12-23,99.26,2017-12
5,2017-12-24,120.99,2017-12
5,2017-12-25,256.12,2017-12
5,2017-12-26,194.26,2017-12
5,2017-12-27,197.18,2017-12
5,2017-12-28,186.49,2017-12
5,2017-12-29,186.47,2017-12
5,2017-12-30,179.95,2017-12
5,2017-12-31,126.92,2017-12
5,2018-01-01,149.29,2018-01
5,2018-01-02,229.42,2018-01
5,2018-01-03,258.04,2018-01
5,2018-01-04,197.0,2018-01
5,2018-01-05,163.93,2018-01
5,2018-01-06,136.59,2018-01
5,2018-01-07,144.77,2018-01
5,2018-01-08,172.25,2018-01
5,2018-01-09,258.67,2018-01
5,2018-01-10,180.34,2018-01
5,2018-01-11,151.49,2018-01
5,2018-01-12,143.27,2018-01
5,2018-01-13,107.32,2018-01
5,2018-01-14,197.52,2018-01
5,2018-01-15,180.38,2018-01
5,2018-01-16,184.09,2018-01
5,2018-01-17,122.96,2018-01
5,2018-01-18,132.77,2018-01
5,2018-01-19,172.78,2018-01
5,2018-01-20,171.87,2018-01
5,2018-01-21,202.48,2018-01
5,2018-01-22,179.15,2018-01
5,2018-01-23,171.39,2018-01
5,2018-01-24,194.0,2018-01
5,2018-01-25,189.62,2018-01
5,2018-01-26,151.74,2018-01
5,2018-01-27,152.74,2018-01
5,2018-01-28,129.77,2018-01
5,2018-01-29,166.69,2018-01
5,2018-01-30,205.38,2018-01
5,2018-01-31,173.81,2018-01
5,2018-02-01,298.58,2018-02
5,2018-02-02,179.62,2018-02
5,2018-02-03,207.45,2018-02
5,2018-02-04,173.87,2018-02
5,2018-02-05,153.29,2018-02
5,2018-02-06,133.46,2018-02
5,2018-02-07,146.27,2018-02
5,2018-02-08,265.77,2018-02
5,2018-02-09,154.21,2018-02
5,2018-02-10,210.04,2018-02
5,2018-02-11,130.62,2018-02
5,2018-02-12,227.87,2018-02
5,2018-02-13,160.7,2018-02
5,2018-02-14,221.87,2018-02
5,2018-02-15,201.97,2018-02
5,2018-02-16,148.87,2018-02
5,2018-02-17,115.34,2018-02
5,2018-02-18,134.3,2018-02
5,2018-02-19,236.22,2018-02
5,2018-02-20,168.85,2018-02
5,2018-02-21,148.55,2018-02
5,2018-02-22,175.53,2018-02
5,2018-02-23,165.88,2018-02
5,2018-02-24,174.26,2018-02
5,2018-02-25,136.0,2018-02
5,2018-02-26,242.06,2018-02
5,2018-02-27,212.55,2018-02
5,2018-02-28,147.31,2018-02
5,2018-03-01,196.74,2018-03
5,2018-03-02,176.96,2018-03
5,2018-03-03,101.78,2018-03
5,2018-03-04,140.6,2018-03
5,2018-03-05,146.43,2018-03
5,2018-03-06,169.46,2018-03
5,2018-03-07,169.37,2018-03
5,2018-03-08,163.48,2018-03
5,2018-03-09,125.79,2018-03
5,2018-03-10,140.43,2018-03
5,2018-03-11,100.82,2018-03
5,2018-03-12,180.57,2018-03
5,2018-03-13,158.83,2018-03
5,2018-03-14,113.37,2018-03
5,2018-03-15,127.64,2018-03
5,2018-03-16,136.32,2018-03
5,2018-03-17,120.02,2018-03
5,2018-03-18,122.82,2018-03
5,2018-03-19,119.06,2018-03
5,2018-03-20,183.31,2018-03
5,2018-03-21,157.34,2018-03
5,2018-03-22,265.24,2018-03
5,2018-03-23,150.62,2018-03
5,2018-03-24,155.64,2018-03
5,2018-03-25,207.43,2018-03
5,2018-03-26,241.36,2018-03
5,2018-03-27,167.39,2018-03
5,2018-03-28,120.42,2018-03
5,2018-03-29,144.18,2018-03
5,2018-03-30,25.5,2018-03
5,2018-03-31,0.7,2018-03
5,2018-04-02,63.05,2018-04
5,2018-04-03,117.1,2018-04
5,2018-04-04,108.56,2018-04
5,2018-04-05,88.85,2018-04
5,2018-04-06,118.16,2018-04
5,2018-04-07,90.99,2018-04
5,2018-04-08,85.6,2018-04
5,2018-04-09,122.59,2018-04
5,2018-04-10,116.01,2018-04
5,2018-04-11,136.88,2018-04
5,2018-04-12,163.82,2018-04
5,2018-04-13,119.9,2018-04
5,2018-04-14,68.11,2018-04
5,2018-04-15,79.73,2018-04
5,2018-04-16,139.51,2018-04
5,2018-04-17,124.8,2018-04
5,2018-04-18,150.34,2018-04
5,2018-04-19,122.45,2018-04
5,2018-04-20,191.58,2018-04
5,2018-04-21,130.3,2018-04
5,2018-04-22,149.02,2018-04
5,2018-04-23,159.89,2018-04
5,2018-04-24,153.15,2018-04
5,2018-04-25,153.98,2018-04
5,2018-04-26,171.63,2018-04
5,2018-04-27,135.79,2018-04
5,2018-04-28,81.28,2018-04
5,2018-04-29,83.78,2018-04
5,2018-04-30,74.3,2018-04
5,2018-05-01,79.99,2018-05
5,2018-05-02,65.1,2018-05
5,2018-05-03,109.59,2018-05
5,2018-05-04,82.01,2018-05
5,2018-05-05,92.53,2018-05
5,2018-05-06,100.54,2018-05
5,2018-05-07,104.64,2018-05
5,2018-05-08,84.03,2018-05
5,2018-05-09,61.65,2018-05
5,2018-05-10,99.69,2018-05
5,2018-05-11,93.67,2018-05
5,2018-05-12,69.06,2018-05
5,2018-05-13,85.86,2018-05
5,2018-05-14,112.97,2018-05
5,2018-05-15,108.04,2018-05
5,2018-05-16,134.23,2018-05
5,2018-05-17,156.83,2018-05
5,2018-05-18,82.16,2018-05
5,2018-05-19,112.57,2018-05
5,2018-05-20,109.87,2018-05
5,2018-05-21,108.71,2018-05
5,2018-05-22,126.79,2018-05
5,2018-05-23,156.03,2018-05
5,2018-05-24,102.97,2018-05
5,2018-05-25,115.26,2018-05
5,2018-05-26,115.21,2018-05
5,2018-05-27,84.66,2018-05
5,2018-05-28,131.77,2018-05
5,2018-05-29,138.33,2018-05
5,2018-05-30,246.76,2018-05
5,2018-05-31,398.04,2018-05
9,2017-06-01,13.06,2017-06
9,2017-06-02,18.13,2017-06
9,2017-06-03,7.06,2017-06
9,2017-06-04,4.65,2017-06
9,2017-06-05,15.3,2017-06
9,2017-06-06,10.52,2017-06
9,2017-06-07,8.58,2017-06
9,2017-06-08,12.09,2017-06
9,2017-06-09,11.9,2017-06
9,2017-06-10,5.75,2017-06
9,2017-06-11,7.27,2017-06
9,2017-06-12,8.88,2017-06
9,2017-06-13,10.66,2017-06
9,2017-06-14,5.08,2017-06
9,2017-06-15,17.9,2017-06
9,2017-06-16,7.96,2017-06
9,2017-06-17,6.95,2017-06
9,2017-06-18,9.44,2017-06
9,2017-06-19,9.57,2017-06
9,2017-06-20,8.27,2017-06
9,2017-06-21,6.81,2017-06
9,2017-06-22,11.05,2017-06
9,2017-06-23,7.33,2017-06
9,2017-06-24,5.36,2017-06
9,2017-06-25,8.84,2017-06
9,2017-06-26,9.36,2017-06
9,2017-06-27,8.12,2017-06
9,2017-06-28,8.75,2017-06
9,2017-06-29,11.36,2017-06
9,2017-06-30,9.22,2017-06
9,2017-07-01,6.89,2017-07
9,2017-07-02,6.6,2017-07
9,2017-07-03,8.57,2017-07
9,2017-07-04,10.36,2017-07
9,2017-07-05,9.62,2017-07
9,2017-07-06,13.52,2017-07
9,2017-07-07,12.06,2017-07
9,2017-07-08,8.11,2017-07
9,2017-07-09,5.18,2017-07
9,2017-07-10,20.23,2017-07
9,2017-07-11,11.12,2017-07
9,2017-07-12,9.26,2017-07
9,2017-07-13,15.03,2017-07
9,2017-07-14,15.57,2017-07
9,2017-07-15,16.18,2017-07
9,2017-07-16,10.39,2017-07
9,2017-07-17,20.9,2017-07
9,2017-07-18,7.75,2017-07
9,2017-07-19,10.07,2017-07
9,2017-07-20,15.6,2017-07
9,2017-07-21,7.39,2017-07
9,2017-07-22,7.29,2017-07
9,2017-07-23,9.78,2017-07
9,2017-07-24,4.48,2017-07
9,2017-07-25,8.25,2017-07
9,2017-07-26,5.6,2017-07
9,2017-07-27,6.46,2017-07
9,2017-07-28,4.11,2017-07
9,2017-07-29,5.26,2017-07
9,2017-07-30,4.33,2017-07
9,2017-07-31,6.58,2017-07
9,2017-08-01,8.56,2017-08
9,2017-08-02,6.93,2017-08
9,2017-08-03,9.3,2017-08
9,2017-08-04,6.96,2017-08
9,2017-08-05,3.45,2017-08
9,2017-08-06,9.82,2017-08
9,2017-08-07,8.5,2017-08
9,2017-08-08,7.19,2017-08
9,2017-08-09,7.68,2017-08
9,2017-08-10,7.48,2017-08
9,2017-08-11,11.36,2017-08
9,2017-08-12,2.83,2017-08
9,2017-08-13,5.32,2017-08
9,2017-08-14,16.25,2017-08
9,2017-08-15,8.09,2017-08
9,2017-08-16,11.82,2017-08
9,2017-08-17,6.17,2017-08
9,2017-08-18,8.4,2017-08
9,2017-08-19,7.68,2017-08
9,2017-08-20,6.35,2017-08
9,2017-08-21,3.78,2017-08
9,2017-08-22,10.94,2017-08
9,2017-08-23,13.0,2017-08
9,2017-08-24,6.62,2017-08
9,2017-08-25,10.29,2017-08
9,2017-08-26,4.62,2017-08
9,2017-08-27,5.29,2017-08
9,2017-08-28,6.74,2017-08
9,2017-08-29,5.95,2017-08
9,2017-08-30,9.55,2017-08
9,2017-08-31,12.01,2017-08
9,2017-09-01,15.03,2017-09
9,2017-09-02,10.43,2017-09
9,2017-09-03,9.52,2017-09
9,2017-09-04,15.83,2017-09
9,2017-09-05,10.79,2017-09
9,2017-09-06,10.47,2017-09
9,2017-09-07,15.72,2017-09
9,2017-09-08,8.7,2017-09
9,2017-09-09,12.81,2017-09
9,2017-09-10,12.7,2017-09
9,2017-09-11,8.7,2017-09
9,2017-09-12,9.93,2017-09
9,2017-09-13,8.55,2017-09
9,2017-09-14,13.01,2017-09
9,2017-09-15,18.6,2017-09
9,2017-09-16,14.57,2017-09
9,2017-09-17,11.12,2017-09
9,2017-09-18,11.21,2017-09
9,2017-09-19,12.85,2017-09
9,2017-09-20,14.83,2017-09
9,2017-09-21,9.87,2017-09
9,2017-09-22,9.08,2017-09
9,2017-09-23,13.06,2017-09
9,2017-09-24,20.93,2017-09
9,2017-09-25,18.92,2017-09
9,2017-09-26,17.59,2017-09
9,2017-09-27,23.49,2017-09
9,2017-09-28,17.7,2017-09
9,2017-09-29,19.69,2017-09
9,2017-09-30,19.92,2017-09
9,2017-10-01,17.64,2017-10
9,2017-10-02,22.74,2017-10
9,2017-10-03,35.22,2017-10
9,2017-10-04,23.73,2017-10
9,2017-10-05,21.15,2017-10
9,2017-10-06,14.26,2017-10
9,2017-10-07,19.01,2017-10
9,2017-10-08,14.59,2017-10
9,2017-10-09,18.52,2017-10
9,2017-10-10,13.84,2017-10
9,2017-10-11,22.59,2017-10
9,2017-10-12,13.83,2017-10
9,2017-10-13,22.51,2017-10
9,2017-10-14,13.65,2017-10
9,2017-10-15,9.81,2017-10
9,2017-10-16,24.45,2017-10
9,2017-10-17,22.27,2017-10
9,2017-10-18,14.33,2017-10
9,2017-10-19,18.28,2017-10
9,2017-10-20,16.12,2017-10
9,2017-10-21,7.91,2017-10
9,2017-10-22,16.94,2017-10
9,2017-10-23,20.85,2017-10
9,2017-10-24,22.57,2017-10
9,2017-10-25,21.3,2017-10
9,2017-10-26,22.88,2017-10
9,2017-10-27,24.38,2017-10
9,2017-10-28,20.61,2017-10
9,2017-10-29,16.75,2017-10
9,2017-10-30,22.34,2017-10
9,2017-10-31,34.34,2017-10
9,2017-11-01,26.41,2017-11
9,2017-11-02,26.58,2017-11
9,2017-11-03,15.76,2017-11
9,2017-11-04,17.76,2017-11
9,2017-11-05,26.01,2017-11
9,2017-11-06,20.32,2017-11
9,2017-11-07,25.6,2017-11
9,2017-11-08,21.04,2017-11
9,2017-11-09,19.29,2017-11
9,2017-11-10,19.2,2017-11
9,2017-11-11,14.61,2017-11
9,2017-11-12,16.05,2017-11
9,2017-11-13,19.18,2017-11
9,2017-11-14,18.84,2017-11
9,2017-11-15,22.9,2017-11
9,2017-11-16,29.1,2017-11
9,2017-11-17,28.25,2017-11
9,2017-11-18,13.15,2017-11
9,2017-11-19,26.74,2017-11
9,2017-11-20,23.86,2017-11
9,2017-11-21,17.11,2017-11
9,2017-11-22,19.98,2017-11
9,2017-11-23,29.16,2017-11
9,2017-11-24,49.53,2017-11
9,2017-11-25,34.28,2017-11
9,2017-11-26,18.9,2017-11
9,2017-11-27,24.74,2017-11
9,2017-11-28,15.67,2017-11
9,2017-11-29,18.65,2017-11
9,2017-11-30,24.51,2017-11
9,2017-12-01,26.85,2017-12
9,2017-12-02,20.11,2017-12
9,2017-12-03,9.26,2017-12
9,2017-12-04,16.22,2017-12
9,2017-12-05,22.99,2017-12
9,2017-12-06,23.79,2017-12
9,2017-12-07,29.08,2017-12
9,2017-12-08,26.45,2017-12
9,2017-12-09,21.37,2017-12
9,2017-12-10,20.0,2017-12
9,2017-12-11,25.71,2017-12
9,2017-12-12,19.85,2017-12
9,2017-12-13,30.72,2017-12
9,2017-12-14,17.03,2017-12
9,2017-12-15,24.44,2017-12
9,2017-12-16,20.42,2017-12
9,2017-12-17,22.73,2017-12
9,2017-12-18,23.15,2017-12
9,2017-12-19,21.09,2017-12
9,2017-12-20,20.7,2017-12
9,2017-12-21,25.43,2017-12
9,2017-12-22,21.22,2017-12
9,2017-12-23,11.69,2017-12
9,2017-12-24,15.16,2017-12
9,2017-12-25,27.33,2017-12
9,2017-12-26,28.42,2017-12
9,2017-12-27,24.65,2017-12
9,2017-12-28,19.4,2017-12
9,2017-12-29,17.07,2017-12
9,2017-12-30,16.33,2017-12
9,2017-12-31,9.32,2017-12
9,2018-01-01,27.23,2018-01
9,2018-01-02,31.75,2018-01
9,2018-01-03,14.75,2018-01
9,2018-01-04,16.06,2018-01
9,2018-01-05,16.41,2018-01
9,2018-01-06,15.26,2018-01
9,2018-01-07,8.15,2018-01
9,2018-01-08,16.65,2018-01
9,2018-01-09,15.72,2018-01
9,2018-01-10,21.43,2018-01
9,2018-01-11,26.1,2018-01
9,2018-01-12,21.9,2018-01
9,2018-01-13,16.15,2018-01
9,2018-01-14,15.18,2018-01
9,2018-01-15,11.58,2018-01
9,2018-01-16,13.9,2018-01
9,2018-01-17,18.85,2018-01
9,2018-01-18,13.15,2018-01
9,2018-01-19,18.76,2018-01
9,2018-01-20,16.6,2018-01
9,2018-01-21,13.24,2018-01
9,2018-01-22,23.39,2018-01
9,2018-01-23,16.51,2018-01
9,2018-01-24,18.43,2018-01
9,2018-01-25,23.05,2018-01
9,2018-01-26,14.49,2018-01
9,2018-01-27,10.84,2018-01
9,2018-01-28,11.48,2018-01
9,2018-01-29,21.92,2018-01
9,2018-01-30,23.74,2018-01
9,2018-01-31,14.49,2018-01
9,2018-02-01,27.78,2018-02
9,2018-02-02,23.31,2018-02
9,2018-02-03,14.3,2018-02
9,2018-02-04,21.54,2018-02
9,2018-02-05,24.54,2018-02
9,2018-02-06,20.99,2018-02
9,2018-02-07,25.26,2018-02
9,2018-02-08,23.74,2018-02
9,2018-02-09,21.51,2018-02
9,2018-02-10,17.87,2018-02
9,2018-02-11,18.43,2018-02
9,2018-02-12,19.58,2018-02
9,2018-02-13,22.94,2018-02
9,2018-02-14,19.46,2018-02
9,2018-02-15,21.21,2018-02
9,2018-02-16,23.15,2018-02
9,2018-02-17,10.6,2018-02
9,2018-02-18,15.73,2018-02
9,2018-02-19,23.54,2018-02
9,2018-02-20,17.74,2018-02
9,2018-02-21,13.41,2018-02
9,2018-02-22,14.94,2018-02
9,2018-02-23,15.32,2018-02
9,2018-02-24,16.81,2018-02
9,2018-02-25,19.26,2018-02
9,2018-02-26,28.02,2018-02
9,2018-02-27,20.05,2018-02
9,2018-02-28,10.47,2018-02
9,2018-03-01,13.13,2018-03
9,2018-03-02,14.42,2018-03
9,2018-03-03,16.8,2018-03
9,2018-03-04,13.72,2018-03
9,2018-03-05,12.26,2018-03
9,2018-03-06,21.76,2018-03
9,2018-03-07,17.77,2018-03
9,2018-03-08,18.31,2018-03
9,2018-03-09,14.39,2018-03
9,2018-03-10,18.99,2018-03
9,2018-03-11,12.23,2018-03
9,2018-03-12,13.74,2018-03
9,2018-03-13,14.45,2018-03
9,2018-03-14,19.44,2018-03
9,2018-03-15,20.15,2018-03
9,2018-03-16,11.74,2018-03
9,2018-03-17,10.86,2018-03
9,2018-03-18,6.24,2018-03
9,2018-03-19,14.99,2018-03
9,2018-03-20,12.68,2018-03
9,2018-03-21,15.63,2018-03
9,2018-03-22,19.97,2018-03
9,2018-03-23,18.56,2018-03
9,2018-03-24,13.42,2018-03
9,2018-03-25,20.36,2018-03
9,2018-03-26,29.06,2018-03
9,2018-03-27,28.82,2018-03
9,2018-03-28,20.59,2018-03
9,2018-03-29,13.96,2018-03
9,2018-03-30,1.85,2018-03
9,2018-04-02,12.44,2018-04
9,2018-04-03,12.57,2018-04
9,2018-04-04,9.18,2018-04
9,2018-04-05,8.42,2018-04
9,2018-04-06,16.81,2018-04
9,2018-04-07,8.91,2018-04
9,2018-04-08,10.23,2018-04
9,2018-04-09,15.63,2018-04
9,2018-04-10,20.11,2018-04
9,2018-04-11,10.72,2018-04
9,2018-04-12,11.86,2018-04
9,2018-04-13,10.81,2018-04
9,2018-04-14,10.21,2018-04
9,2018-04-15,11.19,2018-04
9,2018-04-16,20.37,2018-04
9,2018-04-17,11.5,2018-04
9,2018-04-18,12.28,2018-04
9,2018-04-19,11.2,2018-04
9,2018-04-20,12.07,2018-04
9,2018-04-21,9.75,2018-04
9,2018-04-22,16.81,2018-04
9,2018-04-23,17.72,2018-04
9,2018-04-24,12.03,2018-04
9,2018-04-25,15.39,2018-04
9,2018-04-26,18.4,2018-04
9,2018-04-27,18.67,2018-04
9,2018-04-28,11.68,2018-04
9,2018-04-29,9.32,2018-04
9,2018-04-30,7.21,2018-04
9,2018-05-01,8.28,2018-05
9,2018-05-02,11.94,2018-05
9,2018-05-03,8.89,2018-05
9,2018-05-04,10.43,2018-05
9,2018-05-05,7.65,2018-05
9,2018-05-06,11.29,2018-05
9,2018-05-07,6.69,2018-05
9,2018-05-08,10.91,2018-05
9,2018-05-09,10.85,2018-05
9,2018-05-10,12.05,2018-05
9,2018-05-11,11.93,2018-05
9,2018-05-12,4.09,2018-05
9,2018-05-13,7.55,2018-05
9,2018-05-14,15.07,2018-05
9,2018-05-15,16.3,2018-05
9,2018-05-16,12.82,2018-05
9,2018-05-17,13.17,2018-05
9,2018-05-18,14.47,2018-05
9,2018-05-19,6.5,2018-05
9,2018-05-20,10.55,2018-05
9,2018-05-21,6.53,2018-05
9,2018-05-22,19.76,2018-05
9,2018-05-23,8.69,2018-05
9,2018-05-24,6.11,2018-05
9,2018-05-25,9.77,2018-05
9,2018-05-26,8.53,2018-05
9,2018-05-27,11.11,2018-05
9,2018-05-28,12.47,2018-05
9,2018-05-29,16.83,2018-05
9,2018-05-30,23.57,2018-05
9,2018-05-31,27.37,2018-05
10,2017-06-01,15.08,2017-06
10,2017-06-02,11.18,2017-06
10,2017-06-03,9.62,2017-06
10,2017-06-04,17.82,2017-06
10,2017-06-05,26.68,2017-06
10,2017-06-06,21.69,2017-06
10,2017-06-07,18.3,2017-06
10,2017-06-08,3.82,2017-06
10,2017-06-09,20.82,2017-06
10,2017-06-10,5.02,2017-06
10,2017-06-11,9.13,2017-06
10,2017-06-12,3.65,2017-06
10,2017-06-13,12.6,2017-06
10,2017-06-14,5.71,2017-06
10,2017-06-15,12.64,2017-06
10,2017-06-16,6.76,2017-06
10,2017-06-17,10.52,2017-06
10,2017-06-18,5.88,2017-06
10,2017-06-19,15.25,2017-06
10,2017-06-20,7.84,2017-06
10,2017-06-21,9.83,2017-06
10,2017-06-22,5.01,2017-06
10,2017-06-23,10.32,2017-06
10,2017-06-24,3.86,2017-06
10,2017-06-25,3.88,2017-06
10,2017-06-26,12.16,2017-06
10,2017-06-27,9.76,2017-06
10,2017-06-28,4.1,2017-06
10,2017-06-29,8.2,2017-06
10,2017-06-30,7.09,2017-06
10,2017-07-01,12.48,2017-07
10,2017-07-02,2.5,2017-07
10,2017-07-03,16.51,2017-07
10,2017-07-04,2.12,2017-07
10,2017-07-05,13.47,2017-07
10,2017-07-06,10.12,2017-07
10,2017-07-07,13.82,2017-07
10,2017-07-08,3.89,2017-07
10,2017-07-09,3.91,2017-07
10,2017-07-10,18.23,2017-07
10,2017-07-11,2.24,2017-07
10,2017-07-12,26.03,2017-07
10,2017-07-13,21.89,2017-07
10,2017-07-14,14.06,2017-07
10,2017-07-15,20.96,2017-07
10,2017-07-16,6.55,2017-07
10,2017-07-17,10.2,2017-07
10,2017-07-18,17.41,2017-07
10,2017-07-19,15.69,2017-07
10,2017-07-20,12.94,2017-07
10,2017-07-21,17.52,2017-07
10,2017-07-22,7.48,2017-07
10,2017-07-23,9.37,2017-07
10,2017-07-24,3.83,2017-07
10,2017-07-25,6.0,2017-07
10,2017-07-26,12.77,2017-07
10,2017-07-27,0.54,2017-07
10,2017-07-28,7.41,2017-07
10,2017-07-29,3.33,2017-07
10,2017-07-30,4.45,2017-07
10,2017-07-31,12.1,2017-07
10,2017-08-01,9.17,2017-08
10,2017-08-02,6.37,2017-08
10,2017-08-03,6.35,2017-08
10,2017-08-04,9.53,2017-08
10,2017-08-05,1.37,2017-08
10,2017-08-06,9.58,2017-08
10,2017-08-07,7.88,2017-08
10,2017-08-08,5.42,2017-08
10,2017-08-09,16.66,2017-08
10,2017-08-10,6.3,2017-08
10,2017-08-11,2.48,2017-08
10,2017-08-12,4.04,2017-08
10,2017-08-13,2.32,2017-08
10,2017-08-14,1.22,2017-08
10,2017-08-15,4.9,2017-08
10,2017-08-16,1.92,2017-08
10,2017-08-17,8.43,2017-08
10,2017-08-18,16.98,2017-08
10,2017-08-19,4.07,2017-08
10,2017-08-20,2.37,2017-08
10,2017-08-21,5.56,2017-08
10,2017-08-22,10.39,2017-08
10,2017-08-23,8.73,2017-08
10,2017-08-24,4.77,2017-08
10,2017-08-25,4.29,2017-08
10,2017-08-26,7.47,2017-08
10,2017-08-27,7.15,2017-08
10,2017-08-28,11.66,2017-08
10,2017-08-29,12.37,2017-08
10,2017-08-30,14.28,2017-08
10,2017-08-31,18.54,2017-08
10,2017-09-01,6.6,2017-09
10,2017-09-02,3.7,2017-09
10,2017-09-03,10.13,2017-09
10,2017-09-04,19.88,2017-09
10,2017-09-05,14.74,2017-09
10,2017-09-06,11.65,2017-09
10,2017-09-07,16.11,2017-09
10,2017-09-08,11.26,2017-09
10,2017-09-09,12.87,2017-09
10,2017-09-10,14.14,2017-09
10,2017-09-11,13.27,2017-09
10,2017-09-12,9.31,2017-09
10,2017-09-13,4.31,2017-09
10,2017-09-14,19.96,2017-09
10,2017-09-15,14.79,2017-09
10,2017-09-16,19.09,2017-09
10,2017-09-17,12.76,2017-09
10,2017-09-18,20.14,2017-09
10,2017-09-19,14.25,2017-09
10,2017-09-20,18.89,2017-09
10,2017-09-21,4.48,2017-09
10,2017-09-22,23.06,2017-09
10,2017-09-23,15.78,2017-09
10,2017-09-24,13.93,2017-09
10,2017-09-25,24.27,2017-09
10,2017-09-26,23.13,2017-09
10,2017-09-27,17.71,2017-09
10,2017-09-28,21.96,2017-09
10,2017-09-29,20.79,2017-09
10,2017-09-30,27.71,2017-09
10,2017-10-01,9.03,2017-10
10,2017-10-02,36.26,2017-10
10,2017-10-03,38.51,2017-10
10,2017-10-04,25.71,2017-10
10,2017-10-05,10.26,2017-10
10,2017-10-06,17.84,2017-10
10,2017-10-07,33.55,2017-10
10,2017-10-08,7.85,2017-10
10,2017-10-09,17.06,2017-10
10,2017-10-10,20.95,2017-10
10,2017-10-11,9.56,2017-10
10,2017-10-12,31.71,2017-10
10,2017-10-13,24.37,2017-10
10,2017-10-14,10.84,2017-10
10,2017-10-15,24.3,2017-10
10,2017-10-16,23.98,2017-10
10,2017-10-17,22.38,2017-10
10,2017-10-18,27.62,2017-10
10,2017-10-19,29.6,2017-10
10,2017-10-20,5.88,2017-10
10,2017-10-21,20.7,2017-10
10,2017-10-22,4.82,2017-10
10,2017-10-23,19.43,2017-10
10,2017-10-24,12.0,2017-10
10,2017-10-25,11.24,2017-10
10,2017-10-26,1.71,2017-10
10,2017-10-27,32.54,2017-10
10,2017-10-28,25.45,2017-10
10,2017-10-29,12.55,2017-10
10,2017-10-30,36.77,2017-10
10,2017-10-31,22.77,2017-10
10,2017-11-01,17.12,2017-11
10,2017-11-02,26.83,2017-11
10,2017-11-03,36.51,2017-11
10,2017-11-04,21.1,2017-11
10,2017-11-05,18.7,2017-11
10,2017-11-06,23.2,2017-11
10,2017-11-07,26.33,2017-11
10,2017-11-08,36.36,2017-11
10,2017-11-09,6.59,2017-11
10,2017-11-10,46.88,2017-11
10,2017-11-11,21.41,2017-11
10,2017-11-12,16.91,2017-11
10,2017-11-13,11.15,2017-11
10,2017-11-14,31.98,2017-11
10,2017-11-15,30.85,2017-11
10,2017-11-16,27.69,2017-11
10,2017-11-17,36.07,2017-11
10,2017-11-18,19.49,2017-11
10,2017-11-19,25.82,2017-11
10,2017-11-20,23.55,2017-11
10,2017-11-21,25.79,2017-11
10,2017-11-22,4.93,2017-11
10,2017-11-23,27.84,2017-11
10,2017-11-24,68.11,2017-11
10,2017-11-25,40.09,2017-11
10,2017-11-26,22.04,2017-11
10,2017-11-27,41.84,2017-11
10,2017-11-28,15.27,2017-11
10,2017-11-29,18.28,2017-11
10,2017-11-30,23.63,2017-11
10,2017-12-01,13.34,2017-12
10,2017-12-02,31.34,2017-12
10,2017-12-03,21.46,2017-12
10,2017-12-04,14.67,2017-12
10,2017-12-05,34.68,2017-12
10,2017-12-06,21.36,2017-12
10,2017-12-07,27.93,2017-12
10,2017-12-08,9.5,2017-12
10,2017-12-09,20.9,2017-12
10,2017-12-10,17.58,2017-12
10,2017-12-11,33.65,2017-12
10,2017-12-12,22.59,2017-12
10,2017-12-13,27.34,2017-12
10,2017-12-14,45.1,2017-12
10,2017-12-15,13.08,2017-12
10,2017-12-16,33.18,2017-12
10,2017-12-17,20.17,2017-12
10,2017-12-18,32.22,2017-12
10,2017-12-19,28.1,2017-12
10,2017-12-20,6.35,2017-12
10,2017-12-21,23.12,2017-12
10,2017-12-22,12.63,2017-12
10,2017-12-23,5.85,2017-12
10,2017-12-24,12.72,2017-12
10,2017-12-25,6.19,2017-12
10,2017-12-26,27.4,2017-12
10,2017-12-27,21.51,2017-12
10,2017-12-28,16.83,2017-12
10,2017-12-29,24.43,2017-12
10,2017-12-30,10.32,2017-12
10,2017-12-31,10.32,2017-12
10,2018-01-01,28.99,2018-01
10,2018-01-02,28.9,2018-01
10,2018-01-03,27.45,2018-01
10,2018-01-04,32.27,2018-01
10,2018-01-05,7.29,2018-01
10,2018-01-06,19.52,2018-01
10,2018-01-07,24.37,2018-01
10,2018-01-08,20.44,2018-01
10,2018-01-09,16.29,2018-01
10,2018-01-10,17.87,2018-01
10,2018-01-11,29.29,2018-01
10,2018-01-12,18.6,2018-01
10,2018-01-13,6.4,2018-01
10,2018-01-14,14.36,2018-01
10,2018-01-15,21.2,2018-01
10,2018-01-16,9.89,2018-01
10,2018-01-17,23.92,2018-01
10,2018-01-18,16.48,2018-01
10,2018-01-19,10.57,2018-01
10,2018-01-20,11.53,2018-01
10,2018-01-21,14.21,2018-01
10,2018-01-22,25.63,2018-01
10,2018-01-23,12.87,2018-01
10,2018-01-24,22.02,2018-01
10,2018-01-25,37.58,2018-01
10,2018-01-26,30.38,2018-01
10,2018-01-27,22.19,2018-01
10,2018-01-28,28.49,2018-01
10,2018-01-29,1.64,2018-01
10,2018-01-30,28.18,2018-01
10,2018-01-31,5.53,2018-01
10,2018-02-01,32.07,2018-02
10,2018-02-02,12.19,2018-02
10,2018-02-03,18.37,2018-02
10,2018-02-04,23.81,2018-02
10,2018-02-05,21.04,2018-02
10,2018-02-06,14.56,2018-02
10,2018-02-07,17.41,2018-02
10,2018-02-08,26.39,2018-02
10,2018-02-09,17.42,2018-02
10,2018-02-10,18.37,2018-02
10,2018-02-11,16.63,2018-02
10,2018-02-12,20.87,2018-02
10,2018-02-13,19.74,2018-02
10,2018-02-14,39.02,2018-02
10,2018-02-15,9.2,2018-02
10,2018-02-16,21.62,2018-02
10,2018-02-17,18.86,2018-02
10,2018-02-18,14.07,2018-02
10,2018-02-19,18.21,2018-02
10,2018-02-20,12.86,2018-02
10,2018-02-21,8.08,2018-02
10,2018-02-22,16.01,2018-02
10,2018-02-23,15.7,2018-02
10,2018-02-24,2.57,2018-02
10,2018-02-25,10.16,2018-02
10,2018-02-26,17.79,2018-02
10,2018-02-27,6.94,2018-02
10,2018-02-28,10.92,2018-02
10,2018-03-01,9.86,2018-03
10,2018-03-02,25.15,2018-03
10,2018-03-03,15.05,2018-03
10,2018-03-04,11.81,2018-03
10,2018-03-05,11.84,2018-03
10,2018-03-06,20.18,2018-03
10,2018-03-07,25.92,2018-03
10,2018-03-08,17.08,2018-03
10,2018-03-09,28.27,2018-03
10,2018-03-10,19.43,2018-03
10,2018-03-11,7.4,2018-03
10,2018-03-12,27.13,2018-03
10,2018-03-13,14.97,2018-03
10,2018-03-14,13.86,2018-03
10,2018-03-15,29.49,2018-03
10,2018-03-16,14.78,2018-03
10,2018-03-17,11.67,2018-03
10,2018-03-18,5.95,2018-03
10,2018-03-19,20.3,2018-03
10,2018-03-20,29.1,2018-03
10,2018-03-21,17.07,2018-03
10,2018-03-22,9.54,2018-03
10,2018-03-23,21.48,2018-03
10,2018-03-24,21.94,2018-03
10,2018-03-25,16.25,2018-03
10,2018-03-26,34.3,2018-03
10,2018-03-27,14.43,2018-03
10,2018-03-28,9.29,2018-03
10,2018-03-29,20.88,2018-03
10,2018-03-30,1.99,2018-03
10,2018-04-02,21.25,2018-04
10,2018-04-03,23.96,2018-04
10,2018-04-04,4.87,2018-04
10,2018-04-05,17.33,2018-04
10,2018-04-06,6.84,2018-04
10,2018-04-07,3.36,2018-04
10,2018-04-08,7.3,2018-04
10,2018-04-09,16.25,2018-04
10,2018-04-10,7.31,2018-04
10,2018-04-11,14.95,2018-04
10,2018-04-12,19.78,2018-04
10,2018-04-13,9.33,2018-04
10,2018-04-14,8.97,2018-04
10,2018-04-15,10.28,2018-04
10,2018-04-16,13.52,2018-04
10,2018-04-17,8.65,2018-04
10,2018-04-18,13.68,2018-04
10,2018-04-19,18.97,2018-04
10,2018-04-20,9.13,2018-04
10,2018-04-21,11.53,2018-04
10,2018-04-22,12.36,2018-04
10,2018-04-23,16.16,2018-04
10,2018-04-24,26.1,2018-04
10,2018-04-25,23.16,2018-04
10,2018-04-26,14.43,2018-04
10,2018-04-27,18.68,2018-04
10,2018-04-28,9.66,2018-04
10,2018-04-29,5.21,2018-04
10,2018-04-30,15.23,2018-04
10,2018-05-01,10.02,2018-05
10,2018-05-02,3.5,2018-05
10,2018-05-03,5.35,2018-05
10,2018-05-04,23.06,2018-05
10,2018-05-05,16.41,2018-05
10,2018-05-06,17.36,2018-05
10,2018-05-07,9.08,2018-05
10,2018-05-08,8.09,2018-05
10,2018-05-09,10.63,2018-05
10,2018-05-10,8.16,2018-05
10,2018-05-11,13.23,2018-05
10,2018-05-12,13.54,2018-05
10,2018-05-13,6.94,2018-05
10,2018-05-14,13.02,2018-05
10,2018-05-15,14.07,2018-05
10,2018-05-16,6.42,2018-05
10,2018-05-17,13.66,2018-05
10,2018-05-18,15.51,2018-05
10,2018-05-19,18.33,2018-05
10,2018-05-20,6.46,2018-05
10,2018-05-21,13.76,2018-05
10,2018-05-22,21.7,2018-05
10,2018-05-23,7.42,2018-05
10,2018-05-24,10.79,2018-05
10,2018-05-25,22.21,2018-05
10,2018-05-26,7.89,2018-05
10,2018-05-27,9.92,2018-05
10,2018-05-28,21.26,2018-05
10,2018-05-29,11.32,2018-05
10,2018-05-30,33.15,2018-05
10,2018-05-31,17.6,2018-05
